2019-6-18_19:6:0:889,#asmongold,atpHorns asmonSmash atpHorns
2019-6-18_19:6:2:505,#asmongold,monkaW
2019-6-18_19:6:2:597,#asmongold,@Noisetalgia Indeed but at least thats part of the PvP server..Same race trolling can be dealt with if he levels up quicker
2019-6-18_19:6:3:262,#asmongold,monkaOMEGA
2019-6-18_19:6:3:814,#asmongold,@WaterLaws, esfandOkay
2019-6-18_19:6:4:700,#s1mple,flusha vac banned LUL
2019-6-18_19:6:5:12,#s1mple,JW PogChamp VAC BANNED PogChamp CHECK ƒ∞N PogChamp HLTV
2019-6-18_19:6:5:335,#asmongold,Parry LULW
2019-6-18_19:6:5:377,#asmongold,Doing it Pog
2019-6-18_19:6:6:190,#asmongold,people will soon quit classic, just get them to hogger
2019-6-18_19:6:6:555,#xqcow,5 more ww
2019-6-18_19:6:6:567,#xqcow,REFRESH FOR WARWICK
2019-6-18_19:6:6:622,#xqcow,XP
2019-6-18_19:6:6:637,#xqcow,REFERSh
2019-6-18_19:6:6:794,#xqcow,XPXPXPXPXPX
2019-6-18_19:6:6:867,#xqcow,buy xp
2019-6-18_19:6:6:902,#xqcow,ppHop Chill
2019-6-18_19:6:6:919,#xqcow,XP
2019-6-18_19:6:6:950,#xqcow,DONT CHILL monkaEyes
2019-6-18_19:6:6:962,#xqcow,Refresh Pepega
2019-6-18_19:6:7:172,#xqcow,refresh
2019-6-18_19:6:7:239,#s1mple,!config
2019-6-18_19:6:7:319,#xqcow,LVL AND THEN CHILL
2019-6-18_19:6:7:408,#xqcow,GREEDY LULW
2019-6-18_19:6:7:543,#s1mple,@Kasztanor You can download my config here - https://prosettings.net/counterstrike/s1mple/
2019-6-18_19:6:7:599,#xqcow,SAVE
2019-6-18_19:6:8:35,#xqcow,levvel
2019-6-18_19:6:8:116,#xqcow,XP
2019-6-18_19:6:8:131,#xqcow,.......................
2019-6-18_19:6:8:322,#xqcow,XPXPXPPXPXPXPXPXP
2019-6-18_19:6:8:322,#xqcow,EXP
2019-6-18_19:6:8:415,#xqcow,SAVE MONEY FOR INTEREST
2019-6-18_19:6:8:513,#xqcow,XP BRUHHH
2019-6-18_19:6:8:515,#xqcow,!followage
2019-6-18_19:6:8:531,#xqcow,CHAT Pepega
2019-6-18_19:6:8:548,#xqcow,14 GOLD JUST REFRESH
2019-6-18_19:6:8:669,#xqcow,GET XP
2019-6-18_19:6:8:800,#a_seagull,NaM FBBlock dafranAYAYA
2019-6-18_19:6:8:863,#a_seagull,OWL2019eyes
2019-6-18_19:6:8:989,#xqcow,SPEND ALL GOLD PogU SPEND ALL GOLD PogU SPEND ALL GOLD PogU SPEND ALL GOLD PogU SPEND ALL GOLD PogU SPEND ALL GOLD PogU
2019-6-18_19:6:9:17,#xqcow,CHILL
2019-6-18_19:6:9:17,#xqcow,LEVEL
2019-6-18_19:6:9:48,#asmongold,50% Pog
2019-6-18_19:6:9:216,#xqcow,edenzeta, you have been following xqcow for 11 months and 5 hours
2019-6-18_19:6:9:268,#a_seagull,@IWearCrocs101 OKAYCHAMP OkayChamp don't taLk to me or my son ever again
2019-6-18_19:6:9:270,#xqcow,xp
2019-6-18_19:6:9:349,#xqcow,‚ôªÔ∏è Clap ‚ôªÔ∏è Clap ‚ôªÔ∏è Clap ‚ôªÔ∏è Clap ‚ôªÔ∏è Clap ‚ôªÔ∏è Clap ‚ôªÔ∏è Clap
2019-6-18_19:6:9:353,#xqcow,save
2019-6-18_19:6:9:446,#xqcow,LEVEL UP
2019-6-18_19:6:9:510,#xqcow,CHILL
2019-6-18_19:6:9:632,#asmongold,EZ
2019-6-18_19:6:9:652,#a_seagull,oop
2019-6-18_19:6:9:678,#asmongold,rip
2019-6-18_19:6:9:711,#xqcow,YOU FUCKING IDIOT
2019-6-18_19:6:9:856,#a_seagull,@Bhu1234 D: They need new neighbours
2019-6-18_19:6:9:866,#s1mple,hybrid->indica->sativa :-p
2019-6-18_19:6:10:63,#asmongold,monkaW
2019-6-18_19:6:10:205,#xqcow,FailFish
2019-6-18_19:6:10:242,#s1mple,lil uzi verttttt the goatt
2019-6-18_19:6:10:244,#xqcow,Jebaited
2019-6-18_19:6:10:255,#xqcow,NO REROLL PLS
2019-6-18_19:6:10:346,#xqcow,CHILL
2019-6-18_19:6:10:355,#xqcow,XPXPXPXPXPXPX
2019-6-18_19:6:10:362,#xqcow,XP
2019-6-18_19:6:10:392,#xqcow,xp
2019-6-18_19:6:10:392,#a_seagull,no torb?
2019-6-18_19:6:10:416,#xqcow,PogU
2019-6-18_19:6:10:543,#xqcow,PogU
2019-6-18_19:6:10:583,#xqcow,5Head YES
2019-6-18_19:6:10:586,#asmongold,AsheronsFall esfandOkay
2019-6-18_19:6:10:705,#asmongold,Pog TEAMWORK
2019-6-18_19:6:11:92,#xqcow,5Head
2019-6-18_19:6:11:124,#xqcow,Level up
2019-6-18_19:6:11:139,#s1mple,lirikHAPPY
2019-6-18_19:6:11:163,#xqcow,Pepega
2019-6-18_19:6:11:275,#xqcow,5Head
2019-6-18_19:6:11:297,#xqcow,XPPPPPP
2019-6-18_19:6:11:449,#xqcow,LEVEL so u keep winning
2019-6-18_19:6:11:454,#a_seagull,Squid1 Squid2 Squid3 Squid4 TearGlove
2019-6-18_19:6:11:486,#xqcow,???????????
2019-6-18_19:6:11:596,#xqcow,TriHard WE CHLLIN
2019-6-18_19:6:11:720,#xqcow,XP
2019-6-18_19:6:12:12,#xqcow,AGANE
2019-6-18_19:6:12:62,#xqcow,TRASH LULW
2019-6-18_19:6:12:293,#xqcow,5 SPEND ALL GOLD PogU SPEND ALL GOLD PogU SPEND ALL GOLD PogU SPEND ALL GOLD PogU SPEND ALL GOLD PogU
2019-6-18_19:6:12:350,#xqcow,@xQcOW NO SVE
2019-6-18_19:6:12:632,#xqcow,CHILL
2019-6-18_19:6:12:635,#xqcow,5Head
2019-6-18_19:6:12:723,#xqcow,5Head
2019-6-18_19:6:12:748,#xqcow,xqcE
2019-6-18_19:6:12:777,#asmongold,why the new character?
2019-6-18_19:6:12:928,#xqcow,CHILL
2019-6-18_19:6:13:211,#xqcow,STUPID
2019-6-18_19:6:13:258,#xqcow,LEVEL UP
2019-6-18_19:6:13:359,#s1mple,@chirag178 LUL nice
2019-6-18_19:6:13:388,#xqcow,trash
2019-6-18_19:6:13:447,#xqcow,forsenWC
2019-6-18_19:6:13:476,#xqcow,NOOOOOOOOOOOOOOOOOOOOOOOO
2019-6-18_19:6:13:527,#s1mple,Why he banned?
2019-6-18_19:6:13:573,#asmongold,monkaW
2019-6-18_19:6:13:614,#xqcow,5Head
2019-6-18_19:6:13:632,#xqcow,LULW
2019-6-18_19:6:13:664,#xqcow,5Head
2019-6-18_19:6:13:685,#s1mple,s1mple becomes an AMD brand ambassador: https://navi.gg/en/read/text/3428-s1mple-becomes-an-amd-brand-ambassador
2019-6-18_19:6:13:686,#xqcow,PogU
2019-6-18_19:6:13:816,#xqcow,Level
2019-6-18_19:6:13:820,#asmongold,Chest
2019-6-18_19:6:13:823,#xqcow,oof
2019-6-18_19:6:13:831,#xqcow,‚ôªÔ∏è
2019-6-18_19:6:13:921,#xqcow,LEARNING PogU
2019-6-18_19:6:14:25,#xqcow,5Head
2019-6-18_19:6:14:69,#xqcow,5Head
2019-6-18_19:6:14:78,#xqcow,PogU ???
2019-6-18_19:6:14:255,#a_seagull,Kappa
2019-6-18_19:6:14:545,#xqcow,YOU CAN GO DOWN ONE MORE
2019-6-18_19:6:14:582,#xqcow,5Head
2019-6-18_19:6:14:637,#xqcow,Pepega
2019-6-18_19:6:14:639,#xqcow,..............................
2019-6-18_19:6:14:727,#xqcow,PogChamp
2019-6-18_19:6:14:742,#xqcow,VOL
2019-6-18_19:6:14:771,#a_seagull,can Bob be reflected by genji? Kappa
2019-6-18_19:6:14:988,#xqcow,@xQcOW INTREST = WIN
2019-6-18_19:6:15:31,#xqcow,5Head Clap
2019-6-18_19:6:15:35,#xqcow,@xQcOW SAVE
2019-6-20_19:6:48:312,#asmongold,LUL LUL LUL LUL
2019-6-20_19:6:50:682,#asmongold,FrankerZ
2019-6-20_19:6:53:267,#xqcow,PepeLaugh
2019-6-20_19:6:53:886,#xqcow,NOT EVEN SCARY LULW
2019-6-20_19:6:53:958,#xqcow,come on bro üòÇ
2019-6-20_19:6:54:153,#xqcow,PepeLaugh
2019-6-20_19:6:54:658,#xqcow,DETH GachiPls DETH GachiPls DETH GachiPls DETH GachiPls DETH GachiPls DETH GachiPls DETH GachiPls DETH GachiPls DETH GachiPls DETH GachiPls
2019-6-20_19:6:54:673,#xqcow,monkaSHAKE TeaTime
2019-6-20_19:6:54:814,#xqcow,"COMMON BROTHER" üòÇ "COMMON BROTHER" üòÇ "COMMON BROTHER" üòÇ "COMMON BROTHER" üòÇ "COMMON BROTHER" üòÇ "COMMON BROTHER" üòÇ "COMMON BROTHER" üòÇ "COMMON BROTHER" üòÇ "COMMON BROTHER" üòÇ "COMMON BROTHER" üòÇ "COMMON BROTHER" üòÇ
2019-6-20_19:6:54:955,#xqcow,xqcTOS xqcTOS xqcTOS
2019-6-20_19:6:55:767,#xqcow,ME :)
2019-6-20_19:6:56:270,#xqcow,"now i know, its easy" PepeLaugh nymnCorn
2019-6-20_19:6:56:459,#xqcow,Kappa :)
2019-6-20_19:6:56:485,#xqcow,BRUH forsenJoy forsenJoy forsenJoy forsenJoy forsenJoy
2019-6-20_19:6:56:595,#xqcow,me :)
2019-6-20_19:6:56:746,#xqcow,Y OMEGALUL U
2019-6-20_19:6:57:390,#xqcow,PepeLaugh
2019-6-20_19:6:57:586,#asmongold,yeah mustard, you better watch out
2019-6-20_19:6:57:638,#asmongold,DERRRR I LIKE TO PET KITTUMS AND HOT POCKETS
2019-6-20_19:6:57:645,#xqcow,IM GETTING TILTED
2019-6-20_19:6:58:272,#xqcow,Kappa
2019-6-20_19:6:58:292,#xqcow,HE DOESNT KNOW PepeLaugh
2019-6-20_19:6:58:681,#xqcow,üòÇ COMMON BRO HE SAID BLACK üòÇ COMMON BRO HE SAID BLACK üòÇ COMMON BRO HE SAID BLACK üòÇ COMMON BRO HE SAID BLACK üòÇ COMMON BRO HE SAID BLACK
2019-6-20_19:6:58:686,#xqcow,come on bro üòÇ come on bro üòÇ come on bro üòÇ come on bro üòÇ come on bro üòÇ
2019-6-20_19:6:58:709,#xqcow,ME :)
2019-6-20_19:6:58:827,#asmongold,so @walt_jrs_thumbs
2019-6-20_19:6:59:623,#xqcow,DANCE CHAT xqcBoogie DANCE CHAT xqcBoogie DANCE CHAT xqcBoogie DANCE CHAT xqcBoogie DANCE CHAT xqcBoogie DANCE CHAT xqcBoogie DANCE CHAT xqcBoogie
2019-6-20_19:6:59:864,#xqcow,TriHard TriHard TriHard TriHard TriHard
2019-6-20_19:7:0:116,#asmongold,528k 800k same thing OMEGALUL
2019-6-20_19:7:0:860,#xqcow,monkaW T - T - TODAY?
2019-6-20_19:7:0:995,#xqcow,Pepega
2019-6-20_19:7:1:685,#xqcow,come on bro üòÇ come on bro üòÇ come on bro üòÇ come on bro üòÇ come on bro üòÇ come on bro üòÇ come on bro üòÇ come on bro üòÇ
2019-6-20_19:7:1:718,#xqcow,EVERYTHING IS üòÇ
2019-6-20_19:7:1:724,#asmongold,sorry
2019-6-20_19:7:2:475,#xqcow,monkaW TeaTime
2019-6-20_19:7:2:507,#asmongold,pupper
2019-6-20_19:7:2:553,#xqcow,cmonBruh
2019-6-20_19:7:3:245,#xqcow,by the seat
2019-6-20_19:7:3:321,#xqcow,COMONNNN BROTHAA
2019-6-20_19:7:3:355,#xqcow,PepeLaugh
2019-6-20_19:7:3:363,#xqcow,DANCE CHAT xqcBoogie DANCE CHAT xqcBoogie DANCE CHAT xqcBoogie DANCE CHAT xqcBoogie DANCE CHAT xqcBoogie DANCE CHAT xqcBoogie DANCE CHAT xqcBoogie
2019-6-20_19:7:3:517,#xqcow,widepeepoHappy DETH
2019-6-20_19:7:3:642,#xqcow,:)
2019-6-20_19:7:3:927,#xqcow,forsen1 forsen2
2019-6-20_19:7:4:437,#xqcow,monkaW
2019-6-20_19:7:4:478,#xqcow,No joke spamming cmonBruh has to be the most haHAA thing
2019-6-20_19:7:4:503,#sypherpk,!mvmt
2019-6-20_19:7:4:743,#sypherpk,Sypher is now sponsored with MVMT watches! Head over to http://mvmt.com/sypherpk and check out Sypher's curated collection and get an additional 15% OFF SITE WIDE!
2019-6-20_19:7:4:810,#asmongold,dude's gonna hold ya down and tickle yer feet
2019-6-20_19:7:5:232,#xqcow,cmonBruh EMOTES cmonBruh EMOTES cmonBruh EMOTES cmonBruh EMOTES cmonBruh EMOTES cmonBruh EMOTES cmonBruh EMOTES cmonBruh EMOTES
2019-6-20_19:7:5:253,#xqcow,forsen3 forsen4
2019-6-20_19:7:6:73,#xqcow,Want to help out xQc and get a badge next to your name? Gift a sub: https://bit.ly/2KPcW7h xqcL You can now gift anonymously.
2019-6-20_19:7:6:480,#sypherpk,Yo wassup chat
2019-6-20_19:7:7:172,#asmongold,LOL
2019-6-20_19:7:7:270,#xqcow,!#showemote nymnHONK
2019-6-20_19:7:7:411,#xqcow,Don't tell him. PepeLaugh Don't tell him. PepeLaugh Don't tell him. PepeLaugh Don't tell him. PepeLaugh Don't tell him. PepeLaugh Don't tell him. PepeLaugh Don't tell him. PepeLaugh Don't tell him. PepeLaugh
2019-6-20_19:7:8:657,#xqcow,monkaW TeaTime
2019-6-20_19:7:8:726,#xqcow,NO LUL
2019-6-20_19:7:9:101,#xqcow,F
2019-6-20_19:7:9:634,#sypherpk,@moodymann, nah
2019-6-20_19:7:10:27,#xqcow,üòÇ COMMON BRO HE SAID BLACK üòÇ COMMON BRO HE SAID BLACK üòÇ COMMON BRO HE SAID BLACK üòÇ COMMON BRO HE SAID BLACK üòÇ COMMON BRO HE SAID BLACK üòÇ COMMON BRO HE SAID BLACK
2019-6-20_19:7:10:86,#vader,@LeBabitschew alot of people eat it...
2019-6-20_19:7:10:658,#xqcow,xqcBoogie
2019-6-20_19:7:10:830,#vader,@zdoodpogu we were supposed to get him two weeks ago vadeMad
2019-6-20_19:7:10:867,#vader,monkaW Things are about to get real.
2019-6-20_19:7:11:155,#xqcow,Dolks
2019-6-20_19:7:11:864,#xqcow,HE LACKS CRITICAL INFORMATION PepeLaugh
2019-6-20_19:7:12:323,#sypherpk,@bluememoryz u must man, it's one of the great shows
2019-6-20_19:7:13:454,#nickmercs,nickmercsHYPERS nickmercsHYPERS nickmercsHYPERS nickmercsHYPERS
2019-6-20_19:7:13:556,#xqcow,monkaW wttf
2019-6-20_19:7:13:847,#xqcow,PeepoWeird
2019-6-20_19:7:13:908,#nickmercs,nickmercsHYPERS nickmercsHYPERS nickmercsHYPERS nickmercsHYPERS
2019-6-20_19:7:14:132,#sypherpk,Chat did sypher qualify for tommorow with ranger
2019-6-20_19:7:14:161,#xqcow,LULW
2019-6-20_19:7:14:173,#nickmercs,nickmercsHYPERS nickmercsHYPERS nickmercsHYPERS nickmercsHYPERS nickmercsHYPERS nickmercsHYPERS nickmercsHYPERS nickmercsHYPERS
2019-6-20_19:7:14:182,#vader,LUL
2019-6-20_19:7:14:328,#xqcow,JUST GOOGLE IT 4HEader
2019-6-20_19:7:14:506,#nickmercs,ocularHYPERS ocularHYPERS ocularHYPERS ocularHYPERS
2019-6-20_19:7:15:58,#nickmercs,nickmercsHYPERS nickmercsHYPERS nickmercsHYPERS nickmercsHYPERS nickmercsHYPERS nickmercsHYPERS nickmercsHYPERS nickmercsHYPERS nickmercsHYPERS nickmercsHYPERS nickmercsHYPERS nickmercsHYPERS nickmercsHYPERS nickmercsHYPERS
2019-6-20_19:7:15:280,#xqcow,forsen1 I C BAJS
2019-6-20_19:7:15:315,#xqcow,come on bro üòÇ come on bro üòÇ come on bro üòÇ come on bro üòÇ come on bro üòÇ
2019-6-20_19:7:15:437,#vader,LUL
2019-6-20_19:7:15:830,#xqcow,monkaW TeaTime
2019-6-20_19:7:15:894,#xqcow,NOT AT ALL LULW
2019-6-20_19:7:15:974,#vader,lol
2019-6-20_19:7:15:978,#forsen,$rl Neko_87 FeelsDankMan Û†ÄÄ
2019-6-20_19:7:15:981,#nickmercs,ocularHYPERS ocularHYPERS nickmercsHYPERS nickmercsHYPERS nickmercsHYPERS
2019-6-20_19:7:16:106,#nickmercs,nickmercsHYPERS nickmercsHYPERS nickmercsHYPERS nickmercsHYPERS
2019-6-20_19:7:16:111,#xqcow,200iq game
2019-6-20_19:7:16:181,#xqcow,PepeLaugh
2019-6-20_19:7:16:317,#nickmercs,nickmercsHYPERS
2019-6-20_19:7:16:339,#asmongold,rooAww Pupper
2019-6-20_19:7:16:419,#xqcow,CUM ON BROTHER gachiHYPER CUM ON BROTHER gachiHYPER CUM ON BROTHER gachiHYPER CUM ON BROTHER gachiHYPER CUM ON BROTHER gachiHYPER CUM ON BROTHER gachiHYPER CUM ON BROTHER gachiHYPER CUM ON BROTHER gachiHYPER
2019-6-20_19:7:16:427,#nickmercs,nickmercsHYPERS nickmercsHYPERS nickmercsHYPERS nickmercsHYPERS
2019-6-20_19:7:16:465,#xqcow,SO EZ 5Head
2019-6-20_19:7:16:832,#forsen,(16d, 4h ago) neko_87: W H OMEGALUL
2019-6-20_19:7:16:845,#nickmercs,nickmercsHYPERS
2019-6-20_19:7:16:879,#xqcow,"comon bro" cmonBruh
2019-6-20_19:7:16:999,#nickmercs,nickmercsHYPERS nickmercsHYPERS nickmercsHYPERS nickmercsHYPERS nickmercsHYPERS nickmercsHYPERS nickmercsHYPERS
2019-6-20_19:7:17:6,#xqcow,SEAT 4 ROW 4
2019-6-20_19:7:17:221,#xqcow,PepeLaugh
2019-6-20_19:7:17:257,#guardiancon,puppies? where pibbyEYES
2019-6-20_19:7:17:292,#nickmercs,nickmercsHYPERS nickmercsHYPERS
2019-6-20_19:7:17:314,#xqcow,N OMEGALUL
2019-6-20_19:7:17:341,#nickmercs,nickmercsHYPERS
2019-6-20_19:7:17:371,#nickmercs,nickmercsHG nickmercsHG
2019-6-20_19:7:17:441,#nickmercs,nickmercsHYPERS nickmercsHYPERS nickmercsHYPERS nickmercsHYPERS nickmercsHYPERS nickmercsHYPERS nickmercsHYPERS nickmercsHYPERS nickmercsHYPERS nickmercsHYPERS nickmercsHYPERS nickmercsHYPERS
2019-6-20_19:7:17:481,#nickmercs,nickmercsHYPERS nickmercsHYPERS nickmercsHYPERS nickmercsHYPERS nickmercsHYPERS nickmercsHYPERS nickmercsHYPERS
2019-6-20_19:7:17:492,#nickmercs,nickmercsHYPERS nickmercsHYPERS nickmercsHYPERS nickmercsHYPERS nickmercsHYPERS nickmercsHYPERS
2019-6-20_19:7:17:537,#nickmercs,nickmercsHYPERS
2019-6-20_19:7:17:541,#asmongold,RalpherZ RalpherZ RalpherZ
2019-6-20_19:7:17:807,#nickmercs,nickmercsHYPERS
2019-6-20_19:7:17:861,#guardiancon,link doesnt work????
2019-6-20_19:7:17:936,#nickmercs,nickmercsHYPERS
2019-6-20_19:7:18:40,#xqcow,cmonBruh
2019-6-20_19:7:18:81,#nickmercs,nickmercsHYPERS
2019-6-20_19:7:18:159,#nickmercs,nickmercsHYPERS nickmercsHYPERS nickmercsHYPERS nickmercsHYPERS ocularHYPERS ocularHYPERS
2019-6-20_19:7:18:266,#nickmercs,nickmercsHYPERS
2019-6-20_19:7:18:370,#nickmercs,nickmercsHYPERS nickmercsB nickmercsHYPERS nickmercsB nickmercsHYPERS nickmercsB
2019-6-20_19:7:18:401,#xqcow,cmonBruh
2019-6-20_19:7:18:448,#guardiancon,kgothB kgothB kgothB kgothB kgothB kgothLOVE kgothLOVE kgothLOVE kgothLOVE kgothLOVE
2019-6-20_19:7:18:468,#nickmercs,nickmercsHYPERS
2019-6-20_19:7:18:662,#xqcow,!#showemote üò°
2019-6-20_19:7:18:674,#nickmercs,nickmercsHYPERS
2019-6-20_19:7:18:698,#nickmercs,nickmercsHYPERS nickmercsHYPERS nickmercsHYPERS nickmercsHYPERS
2019-6-20_19:7:18:705,#xqcow,come on bro üòÇ come on bro üòÇ come on bro üòÇ come on bro üòÇ come on bro üòÇ come on bro üòÇ come on bro üòÇ come on bro üòÇ come on bro üòÇ come on bro üòÇ v
2019-6-20_19:7:18:765,#guardiancon,moon2M
2019-6-20_19:7:18:910,#asmongold,Hotted wants to eat that dog like shrek
2019-6-20_19:7:18:978,#nickmercs,nickmercsHYPERS
2019-6-20_19:7:19:70,#xqcow,cmonBruh JOY cmonBruh JOY cmonBruh JOY cmonBruh JOY cmonBruh JOY cmonBruh JOY cmonBruh JOY cmonBruh JOY
2019-6-20_19:7:19:75,#nickmercs,nickmercsHYPERS
2019-6-20_19:7:19:216,#nickmercs,nickmercsHYPERS
2019-6-20_19:7:19:381,#nickmercs,nickmercsHYPERS nickmercsHYPERS nickmercsHYPERS nickmercsHYPERS nickmercsHYPERS
2019-6-20_19:7:19:443,#nickmercs,nickmercsHYPERS
2019-6-20_19:7:19:583,#nickmercs,nickmercsHYPERS
2019-6-20_19:7:19:759,#nickmercs,nickmercsHYPERS
2019-6-20_19:7:19:803,#xqcow,forsen1
2019-6-20_19:7:19:873,#guardiancon,laceBlind
2019-6-20_19:7:19:908,#guardiancon,1000 pog
2019-6-20_19:7:19:979,#nickmercs,nickmercsHYPERS nickmercsHYPERS nickmercsHYPERS nickmercsHYPERS nickmercsHYPERS nickmercsHYPERS nickmercsHYPERS
2019-6-20_19:7:20:272,#xqcow,HE LACKS THE KNOWLEDGE PepeLaugh HE LACKS THE KNOWLEDGE PepeLaugh
2019-6-20_19:7:20:335,#nickmercs,nickmercsHYPERS
2019-6-20_19:7:20:540,#nickmercs,ocularHYPERS ocularHYPERS ocularHYPERS nickmercsHYPERS nickmercsHYPERS nickmercsHYPERS
2019-6-20_19:7:20:620,#xqcow,2Head
2019-6-20_19:7:20:706,#vader,You need to ask Koil for a news livery mod for cars maybe
2019-6-20_19:7:20:962,#guardiancon,moon2M moon?
2019-6-20_19:7:21:25,#nickmercs,nickmercsHYPERS nickmercsHYPERS
2019-6-20_19:7:21:31,#nickmercs,nickmercsHYPERS nickmercsHYPERS nickmercsHYPERS nickmercsHYPERS
2019-6-20_19:7:21:43,#xqcow,forsen1
2019-6-20_19:7:21:318,#xqcow,PepeLaugh CHAT DON'T TELL HIM PepeLaugh CHAT DON'T TELL HIM PepeLaugh CHAT DON'T TELL HIM PepeLaugh CHAT DON'T TELL HIM PepeLaugh CHAT DON'T TELL HIM
2019-6-20_19:7:21:485,#xqcow,CUM ON BROTHER gachiHYPER CUM ON BROTHER gachiHYPER CUM ON BROTHER gachiHYPER CUM ON BROTHER gachiHYPER CUM ON BROTHER gachiHYPER CUM ON BROTHER gachiHYPER CUM ON BROTHER gachiHYPER CUM ON BROTHER gachiHYPER CUM ON BROTHER gachiHYPER CUM ON BROTHER gachiHYPER
2019-6-20_19:7:21:643,#xqcow,!#showemote pepeSmoke
2019-6-20_19:7:21:901,#vader,LUL
2019-6-20_19:7:22:11,#xqcow,FeelsBirthdayMan
2019-6-20_19:7:22:161,#xqcow,DANCE CHAT xqcBoogie DANCE CHAT xqcBoogie DANCE CHAT xqcBoogie DANCE CHAT xqcBoogie DANCE CHAT xqcBoogie DANCE CHAT xqcBoogie DANCE CHAT xqcBoogie DANCE CHAT xqcBoogie DANCE CHAT xqcBoogie DANCE CHAT xqcBoogie
2019-6-20_19:7:22:211,#xqcow,@TheBlaaa peepoWeird
2019-6-20_19:7:22:280,#nickmercs,nickmercsHYPERS nickmercsHYPERS
2019-6-20_19:7:22:315,#vader,LUL
2019-6-20_19:7:22:408,#xqcow,5Head
2019-6-20_19:7:22:503,#xqcow,PepeLaugh o no no no
2019-6-20_19:7:22:520,#nickmercs,nickmercsHYPERS
2019-6-20_19:7:22:549,#nickmercs,nickmercsHYPERS
2019-6-20_19:7:22:619,#nickmercs,nickmercsHYPERS nickmercsHYPERS nickmercsHYPERS nickmercsHYPERS nickmercsHYPERS nickmercsHYPERS
2019-6-20_19:7:22:756,#guardiancon,scarle4LL Summon LUKE SMITH for the KIDS http://guardiancon.co/donate scarle4LL
2019-6-20_19:7:23:57,#nickmercs,nickmercsHYPERS nickmercsHYPERS nickmercsHYPERS nickmercsHYPERS
2019-6-20_19:7:23:249,#asmongold,yo why is that dog cuter than mine, this is an insult
2019-6-20_19:7:23:253,#guardiancon,scarle4LL Summon LUKE SMITH for the KIDS http://guardiancon.co/donate scarle4LL
2019-6-20_19:7:23:301,#xqcow,come on bro üòÇ come on bro üòÇ come on bro üòÇ come on bro üòÇ come on bro üòÇ
2019-6-20_19:7:23:384,#xqcow,OWL2019marionette
2019-6-20_19:7:23:428,#guardiancon,Chevy, do you drive a chevy?
2019-6-20_19:7:23:544,#guardiancon,scarle4LL Summon LUKE SMITH for the KIDS http://guardiancon.co/donate scarle4LL
2019-6-20_19:7:23:657,#guardiancon,TCKT laceH laceH laceH
2019-6-20_19:7:23:693,#xqcow,Didn‚Äôt dab cmonBruh cmonBruh cmonBruh cmonBruh cmonBruh cmonBruh cmonBruh cmonBruh cmonBruh cmonBruh cmonBruh cmonBruh cmonBruh cmonBruh cmonBruh cmonBruh cmonBruh cmonBruh cmonBruh
2019-6-20_19:7:23:789,#nickmercs,nickmercsHYPERS nickmercsHYPERS nickmercsHYPERS nickmercsHYPERS
2019-6-20_19:7:23:799,#asmongold,meow
2019-6-20_19:7:23:804,#nickmercs,Follow Nick on Twitter for the latest news and updates about the Stream! https://twitter.com/NICKMERCS
2019-6-20_19:7:23:814,#vader,LUL
2019-6-20_19:7:23:829,#admiralbahroo,@TaterTacoTots it's the 'valve official' autochess thingy tho
2019-6-20_19:7:23:918,#guardiancon,FOR THE PUPPIIEIWISISIESE
2019-6-20_19:7:24:282,#nickmercs,nickmercsHYPERS nickmercsHYPERS nickmercsHYPERS nickmercsHYPERS nickmercsHYPERS nickmercsHYPERS nickmercsHYPERS nickmercsHYPERS nickmercsHYPERS nickmercsHYPERS nickmercsHYPERS nickmercsHYPERS
2019-6-20_19:7:24:283,#nickmercs,nickmercsHYPERS
2019-6-20_19:7:24:323,#nickmercs,nickmercsHYPERS nickmercsHYPERS
2019-6-20_19:7:24:499,#nickmercs,nickmercsHYPERS
2019-6-20_19:7:24:539,#nickmercs,nickmercsHYPERS nickmercsHYPERS nickmercsHYPERS nickmercsHYPERS nickmercsHYPERS nickmercsHYPERS nickmercsHYPERS nickmercsHYPERS nickmercsHYPERS nickmercsHYPERS nickmercsHYPERS nickmercsHYPERS nickmercsHYPERS nickmercsHYPERS nickmercsHYPERS
2019-6-20_19:7:24:548,#asmongold,what does the dog think of 8.2 RalpherZ
2019-6-20_19:7:24:714,#nickmercs,nickmercsHYPERS
2019-6-20_19:7:24:748,#vader,koilPff
2019-6-20_19:7:24:779,#guardiancon,USE LORD OF WOLVES!!!
2019-6-20_19:7:24:932,#nickmercs,nickmercsHYPERS
2019-6-20_19:7:25:108,#nickmercs,nickmercsHYPERS
2019-6-20_19:7:25:127,#nickmercs,Pablo i got some saved just for you, fingers crossed
2019-6-20_19:7:25:166,#guardiancon,How do i get my emblem code boys?
2019-6-20_19:7:25:297,#nickmercs,nickmercsHYPERS
2019-6-20_19:7:25:366,#guardiancon,20K LEFT
2019-6-20_19:7:25:420,#nickmercs,nickmercsHYPERS
2019-6-20_19:7:25:442,#nickmercs,LETS GO NICK nickmercsHYPERS
2019-6-20_19:7:25:496,#nickmercs,nickmercsHYPERS
2019-6-20_19:7:25:570,#nickmercs,nickmercsHYPERS nickmercsHYPERS nickmercsHYPERS nickmercsHYPERS nickmercsHYPERS nickmercsHYPERS nickmercsHYPERS
2019-6-20_19:7:25:694,#nickmercs,nickmercsHYPERS
2019-6-20_19:7:25:709,#nickmercs,LETS GO NICK nickmercsHYPERS
2019-6-20_19:7:25:775,#nickmercs,nickmercsHYPERS nickmercsHYPERS nickmercsHYPERS nickmercsHYPERS nickmercsHYPERS nickmercsHYPERS nickmercsHYPERS nickmercsHYPERS nickmercsHYPERS nickmercsHYPERS nickmercsHYPERS
2019-6-20_19:7:25:847,#xqcow,forsen1 üî≠
2019-6-20_19:7:25:878,#guardiancon,Why do some of you care about the bungie bounty more that the charity? Wtf is wrong with y‚Äôall
2019-6-20_19:7:25:961,#nickmercs,LETS GO NICK nickmercsHYPERS
2019-6-20_19:7:25:997,#nickmercs,nickmercsHYPERS nickmercsHYPERS nickmercsHYPERS nickmercsHYPERS nickmercsHYPERS nickmercsHYPERS
2019-6-20_19:7:26:210,#nickmercs,LETS GO NICK nickmercsHYPERS
2019-6-20_19:7:26:216,#nickmercs,peepoHey Welcome tannerlarsoncs peepoHey
2019-6-20_19:7:26:230,#nickmercs,nickmercsHYPERS
2019-6-20_19:7:26:251,#s1mple,!cfg
2019-6-20_19:7:26:278,#sypherpk,no
2019-6-20_19:7:26:302,#xqcow,DANCE CHAT xqcDisco DANCE CHAT xqcDisco DANCE CHAT xqcDisco DANCE CHAT xqcDisco DANCE CHAT xqcDisco DANCE CHAT xqcDisco
2019-6-20_19:7:26:359,#nickmercs,nickmercsHMM nickmercsHMM nickmercsHMM
2019-6-20_19:7:26:409,#nickmercs,ocularHYPERS ocularHYPERS ocularHYPERS ocularHYPERS ocularHYPERS
2019-6-20_19:7:26:676,#xqcow,5Head CHILD PLAY REALLY
2019-6-20_19:7:26:698,#s1mple,@zigametgG You can download my config here - https://prosettings.net/counterstrike/s1mple/
2019-6-20_19:7:26:747,#nickmercs,nickmercsHYPERS
2019-6-20_19:7:26:778,#nickmercs,HEAVY SNIPE
2019-6-20_19:7:26:963,#xqcow,my power cut out monkaW
2019-6-20_19:7:27:1,#xqcow,!#showemote Pepega
2019-6-20_19:7:27:17,#nickmercs,nickmercsHYPERS nickmercsHYPERS ocularHYPERS ocularHYPERS
2019-6-20_19:7:27:76,#nickmercs,nickmercsHYPERS
2019-6-20_19:7:27:90,#nickmercs,nickmercsHYPERS nickmercsHYPERS nickmercsHYPERS nickmercsHYPERS nickmercsHYPERS nickmercsHYPERS nickmercsHYPERS nickmercsHYPERS nickmercsHYPERS nickmercsHYPERS nickmercsHYPERS nickmercsHYPERS nickmercsHYPERS nickmercsHYPERS nickmercsHYPERS nickmercsHYPERS nickmercsHYPERS nickmercsHYPERS nickmercsHYPERS nickmercsHYPERS
2019-6-20_19:7:27:151,#xqcow,Kapp
2019-6-20_19:7:27:278,#xqcow,Kapp
2019-6-20_19:7:27:300,#nickmercs,nickmercsHYPERS
2019-6-20_19:7:27:365,#xqcow,OMEGALUL H
2019-6-20_19:7:27:650,#xqcow,pepeSmoke
2019-6-20_19:7:27:683,#nickmercs,LETS GO NICK nickmercsHYPERS
2019-6-20_19:7:27:732,#nickmercs,nickmercsHYPERS
2019-6-20_19:7:27:764,#guardiancon,moon2M
2019-6-20_19:7:27:911,#nickmercs,LETS GO NICK nickmercsHYPERS
2019-6-20_19:7:28:169,#xqcow,Kapp
2019-6-20_19:7:28:172,#nickmercs,nickmercsHYPERS
2019-6-20_19:7:28:190,#nickmercs,LETS GO NICK nickmercsHYPERS
2019-6-20_19:7:28:216,#nickmercs,LETA GO NICK YOU GOF THIS EZ CLAPS
2019-6-20_19:7:28:225,#nickmercs,nickmercsHYPERS
2019-6-20_19:7:28:270,#xqcow,5Head
2019-6-20_19:7:28:357,#nickmercs,nickmercsHYPERS nickmercsHYPERS nickmercsHYPERS nickmercsHYPERS
2019-6-20_19:7:28:414,#nickmercs,nickmercsHYPERS nickmercsHYPERS nickmercsHYPERS nickmercsHYPERS nickmercsHYPERS
2019-6-20_19:7:28:461,#xqcow,xqcDab
2019-6-20_19:7:28:523,#nickmercs,LETS GO NICK nickmercsHYPERS
2019-6-20_19:7:28:535,#xqcow,pepeSmoke last 1
2019-6-20_19:7:28:563,#nickmercs,nickmercsHYPERS
2019-6-20_19:7:28:579,#nickmercs,nickmercsHYPERS
2019-6-20_19:7:28:580,#greekgodx,but you can bet before we're through
2019-6-20_19:7:28:607,#xqcow,Maybe it's Tony Waldo OMEGALUL
2019-6-20_19:7:28:659,#nickmercs,nickmercsHYPERS
2019-6-20_19:7:28:927,#nickmercs,nickmercsHYPERS
2019-6-20_19:7:28:986,#vader,crashed 4 times LUL
2019-6-20_19:7:29:126,#guardiancon,!donate
2019-6-20_19:7:29:170,#nickmercs,nickmercsHYPERS
2019-6-20_19:7:29:187,#nickmercs,nickmercsHYPERS nickmercsHYPERS nickmercsHYPERS
2019-6-20_19:7:29:237,#xqcow,HE LACKS THE KNOWLEDGE PepeLaugh HE LACKS THE KNOWLEDGE PepeLaugh HE LACKS THE KNOWLEDGE PepeLaugh
2019-6-20_19:7:29:312,#nickmercs,nickmercsHYPERS
2019-6-20_19:7:29:405,#xqcow,CUM ON BROTHER gachiHYPER CUM ON BROTHER gachiHYPER CUM ON BROTHER gachiHYPER CUM ON BROTHER gachiHYPER CUM ON BROTHER gachiHYPER CUM ON BROTHER gachiHYPER
2019-6-20_19:7:29:456,#nickmercs,nickmercsHYPERS
2019-6-20_19:7:29:484,#nickmercs,nickmercsHYPERS nickmercsHYPERS nickmercsHYPERS nickmercsHYPERS
2019-6-20_19:7:29:568,#vader,poor Reinhart
2019-6-20_19:7:29:577,#guardiancon,Donate to St. Jude Children's Research Hospital here: http://guardiancon.co/donate St. Jude Children's Research Hospital, founded in 1962, is a pediatric treatment and research facility focused on children's catastrophic diseases. Help us make the world a better place, and support all the kids!
2019-6-20_19:7:29:651,#guardiancon,Is this the CEO of Bungie?
2019-6-20_19:7:29:721,#nickmercs,nickmercsHYPERS
2019-6-20_19:7:29:913,#xqcow,I GET IT NOW Pepega Clap
2019-6-20_19:7:29:914,#nickmercs,nickmercsHYPERS
2019-6-20_19:7:29:935,#nickmercs,nickmercsHYPERS
2019-6-20_19:7:29:974,#nickmercs,nickmercsHYPERS nickmercsHYPERS nickmercsHYPERS nickmercsHYPERS nickmercsHYPERS nickmercsHYPERS nickmercsHYPERS nickmercsHYPERS nickmercsHYPERS nickmercsHYPERS nickmercsHYPERS nickmercsHYPERS nickmercsHYPERS nickmercsHYPERS nickmercsHYPERS nickmercsHYPERS nickmercsHYPERS
2019-6-20_19:7:30:145,#nickmercs,nickmercsHYPERS
2019-6-20_19:7:30:167,#nickmercs,nickmercsHYPERS
2019-6-20_19:7:30:320,#nickmercs,nickmercsHYPERS
2019-6-20_19:7:30:376,#nickmercs,nickmercsHYPERS
2019-6-20_19:7:30:496,#nickmercs,nickmercsHYPERS nickmercsHYPERS nickmercsHYPERS nickmercsHYPERS nickmercsHYPERS nickmercsHYPERS nickmercsHYPERS
2019-6-20_19:7:30:595,#nickmercs,ocularHYPERS ocularHYPERS ocularHYPERS
2019-6-20_19:7:30:630,#nickmercs,nickmercsHYPERS
2019-6-20_19:7:30:696,#xqcow,PepeLaugh CHAT DON'T TELL HIM PepeLaugh CHAT DON'T TELL HIM PepeLaugh CHAT DON'T TELL HIM PepeLaugh CHAT DON'T TELL HIM PepeLaugh CHAT DON'T TELL HIM PepeLaugh CHAT DON'T TELL HIM PepeLaugh CHAT DON'T TELL HIM
2019-6-20_19:7:30:849,#guardiancon,I‚Äôm on Xbox which you won‚Äôt be able to see
2019-6-20_19:7:30:856,#nickmercs,nickmercsHYPERS
2019-6-20_19:7:30:928,#guardiancon,Bungo pog
2019-6-20_19:7:31:126,#xqcow,5Head
2019-6-20_19:7:31:148,#nickmercs,nickmercsHYPERS
2019-6-20_19:7:31:321,#nickmercs,nickmercsHYPERS
2019-6-20_19:7:31:321,#nickmercs,nickmercsHYPERS
2019-6-20_19:7:31:329,#guardiancon,20k LEFT
2019-6-20_19:7:31:508,#xqcow,monkaW
2019-6-20_19:7:31:644,#nickmercs,nickmercsHYPERS
2019-6-20_19:7:31:730,#nickmercs,nickmercsHYPERS nickmercsHYPERS
2019-6-20_19:7:31:921,#nickmercs,nickmercsHYPERS
2019-6-20_19:7:31:988,#xqcow,Kapp
2019-6-20_19:7:32:14,#nickmercs,cloakRaid cloakRaid cloakRaid cloakRaid cloakRaid cloakRaid
2019-6-20_19:7:32:195,#nickmercs,nickmercsHYPERS
2019-6-20_19:7:32:197,#nickmercs,nickmercsHYPERS nickmercsHYPERS nickmercsHYPERS nickmercsHYPERS nickmercsHYPERS nickmercsHYPERS nickmercsHYPERS nickmercsHYPERS nickmercsHYPERS nickmercsHYPERS nickmercsHYPERS nickmercsHYPERS nickmercsHYPERS
2019-6-20_19:7:32:456,#asmongold,Hes gunna experience something much more wild than that
2019-6-20_19:7:32:463,#guardiancon,it was priceless
2019-6-20_19:7:32:470,#xqcow,monkaW
2019-6-20_19:7:32:489,#admiralbulldog,Michael myers
2019-6-20_19:7:32:494,#nickmercs,nickmercsHYPERS
2019-6-20_19:7:32:548,#xqcow,seat 4 row 4
2019-6-20_19:7:32:595,#nickmercs,nickmercsB nickmercsB nickmercsB nickmercsB nickmercsB nickmercsB
2019-6-20_19:7:32:754,#nickmercs,nickmercsHYPERS
2019-6-20_19:7:32:754,#guardiancon,laceSalute laceSalute laceSalute laceSalute laceSalute TCKT
2019-6-20_19:7:32:767,#xqcow,xqcBoogie
2019-6-20_19:7:32:777,#nickmercs,nickmercsANGRY nickmercsANGRY nickmercsANGRY nickmercsANGRY nickmercsANGRY nickmercsANGRY nickmercsANGRY nickmercsANGRY nickmercsANGRY nickmercsHG nickmercsHG nickmercsHG nickmercsHG nickmercsHG nickmercsHG nickmercsHG nickmercsHG nickmercsHG nickmercsHG nickmercsHG nickmercsHG nickmercsHG nickmercsHG nickmercsHG nickmercsHG nickmercsHG nickmercsHG
2019-6-20_19:7:32:927,#xqcow,monkaW HES COMING
2019-6-20_19:7:33:118,#xqcow,pepeSmoke maybe 1 more
2019-6-20_19:7:33:527,#asmongold,stop memeing hotted PunOko
2019-6-20_19:7:33:652,#guardiancon,moon2M moon's bald
2019-6-20_19:7:33:688,#xqcow,DANCE OR DIE xqcBoogie DANCE OR DIE xqcBoogie DANCE OR DIE xqcBoogie DANCE OR DIE xqcBoogie DANCE OR DIE xqcBoogie DANCE OR DIE xqcBoogie DANCE OR DIE xqcBoogie DANCE OR DIE xqcBoogie
2019-6-20_19:7:33:702,#guardiancon,@itzprimy donate $10 or $50 and you get the codes emailed
2019-6-20_19:7:33:742,#xqcow,@xQcOW match the ticket numbers with seats and names
2019-6-20_19:7:34:32,#xqcow,I GET IT NOW Pepega Clap Kappa
2019-6-20_19:7:34:33,#xqcow,Chat monkaW
2019-6-20_19:7:34:40,#xqcow,forsenBoys forsen1
2019-6-20_19:7:34:64,#xqcow,cum on broooo üòÇ üëå
2019-6-20_19:7:34:183,#admiralbahroo,yeah that doesn't make it better rooDerp
2019-6-20_19:7:34:211,#guardiancon,FOR THE KIDS sihaEle FOR THE KIDS sihaEle FOR THE KIDS sihaEle FOR THE KIDS sihaEle
2019-6-20_19:7:34:328,#sypherpk,Sypher isnt playing yet
2019-6-20_19:7:34:491,#xqcow,monkaW
2019-6-20_19:7:34:669,#greekgodx,Mr I'll make a man out of YOU
2019-6-20_19:7:34:884,#guardiancon,@aura pibbySE
2019-6-20_19:7:34:931,#vader,lol
2019-6-20_19:7:34:992,#sypherpk,PK PLAYING IN 60 MIN ON NA WEST!
2019-6-20_19:7:35:66,#nickmercs,nickmercsLG nickmercsLG nickmercsLG nickmercsHYPERS nickmercsHYPERS nickmercsHYPERS nickmercsB nickmercsB nickmercsB
2019-6-20_19:7:35:316,#nickmercs,nickmercsPOP nickmercsPOP nickmercsPOP nickmercsPOP nickmercsPOP
2019-6-20_19:7:35:438,#xqcow,5Head he gets it
2019-6-20_19:7:35:490,#xqcow,wtf
2019-6-20_19:7:35:506,#guardiancon,FUCKIN BUNGO AHAHAH
2019-6-20_19:7:35:543,#guardiancon,FOR THE KIDS sihaEle FOR THE KIDS sihaEle FOR THE KIDS sihaEle FOR THE KIDS sihaEle FOR THE KIDS sihaEle FOR THE KIDS sihaEle FOR THE KIDS sihaEle FOR THE KIDS sihaEle FOR THE KIDS sihaEle
2019-6-20_19:7:35:636,#guardiancon,@dark_warlock898 laceOMG
2019-6-20_19:7:35:710,#guardiancon,When do I get my emblem for donating?
2019-6-20_19:7:35:747,#xqcow,xqcL sadboyaros is staying in the jungle using Twitch Prime! xqcL Thanks so much for re-subbing xqcL And continuing to support the stream! xqcL
2019-6-20_19:7:35:792,#nickmercs,nickmercsHYPERS nickmercsHYPERS nickmercsHYPERS nickmercsHYPERS nickmercsHYPERS nickmercsHYPERS nickmercsHYPERS nickmercsHYPERS nickmercsHYPERS nickmercsHYPERS nickmercsHYPERS nickmercsHYPERS
2019-6-20_19:7:36:189,#asmongold,he's good ppl
2019-6-20_19:7:36:208,#nickmercs,nickmercsHYPERS nickmercsHYPERS
2019-6-20_19:7:36:262,#nickmercs,Nades
2019-6-20_19:7:36:314,#nickmercs,nickmercsHYPERS nickmercsHYPERS nickmercsHYPERS nickmercsHYPERS nickmercsHYPERS nickmercsHYPERS nickmercsHYPERS nickmercsHYPERS nickmercsHYPERS nickmercsHYPERS
2019-6-20_19:7:36:342,#guardiancon,chhh chh ...moons haunted kgothBETRAY
2019-6-20_19:7:36:571,#nickmercs,nickmercsHYPERS
2019-6-20_19:7:36:572,#guardiancon,laceCheer Summon Luke: guardiancon.co/donate
2019-6-20_19:7:36:581,#sypherpk,@bundin420 he plays in an hour
2019-6-20_19:7:37:60,#guardiancon,@swallja yes
2019-6-20_19:7:37:76,#nickmercs,nickmercsHYPERS nickmercsHYPERS
2019-6-20_19:7:37:167,#guardiancon,moon2M
2019-6-20_19:7:37:190,#vader,Crashing again LULW
2019-6-20_19:7:37:229,#guardiancon,Great job yesterday @leopard
2019-6-20_19:7:37:231,#nickmercs,nickmercsHYPERS nickmercsHYPERS nickmercsHYPERS nickmercsHYPERS nickmercsHYPERS nickmercsHYPERS nickmercsHYPERS nickmercsHYPERS nickmercsHYPERS nickmercsHYPERS
2019-6-20_19:7:37:231,#guardiancon,LoW news incoming rtmadaPAINED
2019-6-20_19:7:37:261,#xqcow,CUM ON BROTHER gachiHYPER CUM ON BROTHER gachiHYPER CUM ON BROTHER gachiHYPER CUM ON BROTHER gachiHYPER CUM ON BROTHER gachiHYPER CUM ON BROTHER gachiHYPER CUM ON BROTHER gachiHYPER CUM ON BROTHER gachiHYPER CUM ON BROTHER gachiHYPER CUM ON BROTHER gachiHYPER CUM ON BROTHER gachiHYPER CUM ON BROTHER gachiHYPER CUM ON BROTHER gachiHYPER
2019-6-20_19:7:37:285,#guardiancon,Any moon subs? moon2S
2019-6-20_19:7:37:379,#sypherpk,inv me for champs artner dark11knight2
2019-6-20_19:7:37:608,#vader,timmacTHINK
2019-6-20_19:7:37:638,#xqcow,WideHard Clap WideHard Clap WideHard Clap WideHard Clap WideHard Clap WideHard Clap WideHard Clap WideHard Clap WideHard Clap WideHard Clap
2019-6-20_19:7:37:647,#guardiancon,Gunny!!!
2019-6-20_19:7:37:750,#xqcow,WH OMEGALUL
2019-6-20_19:7:37:766,#xqcow,Kappa
2019-6-20_19:7:37:916,#vader,omg shit
2019-6-20_19:7:38:57,#greekgodx,ZULUL ZULUL YEAH BUT ‚†Ä ‚†Ä ‚†Ä ‚†Ä ‚†Ä ‚†Ä‚†Ä ‚†Ä ‚†Ä ‚†Ä ‚†Ä ‚†Ä ‚†Ä ‚†Ä ‚†Ä ZULUL forsenCD ZULUL BTTV IS LIKE‚†Ä ‚†Ä ‚†Ä‚†Ä‚†Ä ‚†Ä ‚†Ä ‚†Ä ‚†Ä ‚†Ä ‚†Ä ‚†Ä‚†Ä‚†Ä‚†Ä ZULUL ZULUL A 3RD PARTY THING
2019-6-20_19:7:38:188,#xqcow,pepeSmoke im not addicted
2019-6-20_19:7:38:387,#nickmercs,nickmercsHYPERS nickmercsHYPERS nickmercsHYPERS nickmercsHYPERS nickmercsHYPERS nickmercsHYPERS nickmercsHYPERS nickmercsHYPERS
2019-6-20_19:7:38:451,#nickmercs,nickmercsHYPERS nickmercsHYPERS nickmercsHYPERS nickmercsHYPERS nickmercsHYPERS nickmercsHYPERS
2019-6-20_19:7:38:662,#guardiancon,arsiDad zadsW
2019-6-20_19:7:38:683,#sypherpk,@bundin420 he don‚Äôt start till 1 hour
2019-6-20_19:7:38:852,#quin69,thats normal
2019-6-20_19:7:38:853,#xqcow,I GET IT NOW Pepega Clap Kappa I GET IT NOW Pepega Clap Kappa I GET IT NOW Pepega Clap Kappa I GET IT NOW Pepega Clap Kappa I GET IT NOW Pepega Clap Kappa
2019-6-20_19:7:38:932,#guardiancon,PunchTrees
