Need help pleese,neutral
Need help,neutral
I need some info,neutral
Will you help me?,question
What else can you do?,question
What do you do?,question
What can you help me with?,question
What can you do?,question
What are you good at?,question
Need help plz,question
How can you help me,question
Can you help me?,question
How can you assist?,question
How can you help me?,question
How do you help?,question
How to help you?,question
How will you assist me?,question
i need help,question
Can you tell some info,question
Help me please,question
Is this a bot?,question
Is there a bot chatting to me?,question
Is it automated message?,question
Computer based pely,question
Bot or human?,question
Bot is chatting with me?,question
Are you system generated message?,question
Are you robot?,question
Are you machine?,question
Are you just computer?,question
Are you a robot?,question
Are you a person?,question
Are you a machine?,question
Are you a chatbot?,question
Are you a bot?,question
Are these automated messages?,question
Am I talking to a bot?,question
You are a boy are girl?,question
You are a bot or human?,question
This is a machine?,question
This is a chatbot?,question
System generated reply,neutral
Sir you system genretrd,question
Is this computer based response,question
Is this a machine?,question
Are you a human?,question
Hows life?,question
How was your day?,question
How you doin?,question
Whats up?,question
What's happening?,question
Kya chal raha?,question
Wassup?,question
How you doing?,question
Are you fine?,question
Are you good?,question
How are you?,question
How are you doing?,question
Only providing my number,neutral
Only providing my email,neutral
Only providing my contact details,neutral
Only here to give my contact,neutral
i am just here to provide my number,neutral
i am just here to provide my details,neutral
Who are youu?,question
What can I call you?,question
Your name?,question
Can you tell me your name?,question
Are you there?,question
Any one there?,question
What is your name?,question
are you abir?,question
Is anyone there?,question
Your name is?,question
Who is chatting?,question
Tell me about your self?,question
Who are you?,question
Who am I chatting with?,question
What's your name?,question
What should I say as your name?,question
Tell me your name?,question
What are you called?,question
No I will not give the information.,neutral
No. Cannot give you.,neutral
I don't want to tell,neutral
I don't want to,neutral
I don't think so,neutral
Don't have it as of now.,neutral
Cannot tell you,neutral
Won't tell,neutral
Won't give you,neutral
Sorry but I won't,neutral
Right now I don't have it.,neutral
I have a question,neutral
Need to aska query,neutral
I have a question for you,neutral
HAving a query,neutral
I have a query for you,question
I have a query,question
Have a query for you,question
Wait for two minutes,neutral
will you please wait,neutral
Can you  please wait,neutral
Please wait,neutral
Wait for some time,neutral
Want you to wait for me,neutral
Can you wait for two minutes,neutral
Connect me to the support of abcd company,neutral
I want a call back from you,neutral
Please tell me your tollfree number ?,question
Please tell me your mobile number?,question
Address of your company?,question
Address of abcd company?,question
How to reach out to abcd company team?,question
How to get in touch with your team?,question
Your team can be reached how?,question
Your helpline number?,question
Your company's address?,question
How to meet you,question
Your email address to reach?,question
You have any branch at kolkata?,question
How contact representative?,question
How do i contact you?,question
How to get in touch with the your team?,question
How to contact you?,question
What is your helpline number?,question
Which number I should call to reach you?,question
Which number can I call to discuss?,question
Which email should I use to reach to you?,question
Which email I must use to reach to you?,question
Give me your number need to speak,neutral
Give me your mobile no,neutral
Give me the mobile number and i will call you,neutral
Email I must use to co-ordinate with you,neutral
Getting in touch,neutral
I need help. Connect me with support.,question
Need a telephonic call,neutral
Need a person to chat with me,neutral
Need human agent,neutral
Need customer care,neutral
Guide me please regarding the loan?,question
Contact me on my personal number 9999999999,neutral
Did not solved my query,neutral
Contact me please,neutral
Guide me please,neutral
Call me later,neutral
Call me at my phone number?,question
999999999 call me now,neutral
arrange call for me,neutral
call me at my number,neutral
Should I get a call back tomorrow?,question
Can I call tomorrow?,question
Contact me at my mobile number,neutral
Call on the mobile number 9999999999,neutral
Call on my phone number 9999999999,neutral
Contact me at my phone number,neutral
Call on 9999999999 now,neutral
Please get me human to solve my query?,question
Please call me on my number,neutral
Want a person to chat,neutral
Please contact me now,neutral
Call me on my number,neutral
Want to chat with a person,neutral
What is your email ID?,question
Need to speak to an executive,neutral
Need to get in touch with the your team?,question
Need to contact customer care.,neutral
Need to contact customer care agent.,neutral
Need to contact customer care executive,neutral
Need to contact customer care agent now please,neutral
In which number should I reach to you?,question
In which number can I reach your team?,question
In which email to reach you?,question
How to reach you ?,question
can i meet any one in bank?,question
Can I please contact customer care?,question
can u tell me your Email id ?,question
Can you provide executive number help,neutral
Can you share the contact details of the support,neutral
Need to contact you guys,neutral
Need to get in touch with the Simpler Loan team?,neutral
can i get phone number of your company,neutral
Can I get a telephonic call?,question
I wan to speak to executive,neutral
Is it possible to meet any one in bank,neutral
I want to speak with you,neutral
I want to contact concerned people.,neutral
I want to contact your team,neutral
I want to tak to you,neutral
I want to talk to customer care executive,neutral
How to reach out to your team?,question
Email I can use to reach you?,question
Do you have any branch?,question
Customer support?,question
Customer service?,question
Please call me at my number,neutral
No answering correctly,neutral
Need to contact your team,neutral
Need to contact human,neutral
How to get in touch with customer service?,question
What is your customer care no. ?,question
Number I can call to discuss,neutral
What is your toll free number,neutral
What's the Email ID of abcd company,neutral
Where are your branches?,question
Where is your office located?,question
Where is your office?,question
Kindle send you are mobile no or email IDentification,neutral
i wish to talk with representative,neutral
Kindly send you are customer care no,neutral
Let me speak with an executive,neutral
Need to contact concerned persons,neutral
Want to meet your executive,neutral
want to talk to executive,neutral
What are the customer care contact?,question
What is email ID of your company?,question
What is the toll free number of abcd company,neutral
What is the toll free number,neutral
What is the nearest branch?,question
What is the email address to reach you?,question
How can the the your team be reached?,question
How can the abcd company team be reached?,question
How can I speak to an executive,question
How can I reach your team for a query?,question
How can I contact you?,question
Give your contact number.,neutral
abcd company team can be reached how?,question
abcd company email address?,question
abcd company office is located where?,question
Any branch at delhi?,question
Want to meet the executive for loan information,neutral
Want to communicate. So give me your number,neutral
To reach you which email address?,question
Tell me the number in which I could reach?,question
Please send you are number,neutral
Please provide phone no.,neutral
Please provide me the to contact person,neutral
Pease tell mobile number. I need to speak,neutral
Please provide me the real person,neutral
Please give your mobile no or email ID,neutral
Number to reach you,neutral
Need to chat with human,neutral
i want to know your office address in punjab?,question
Lost Aadhaar,neutral
I currently don't have Aadhaar card What can I do?,question
I do not have aadhaar card can I apply for loan,neutral
i do not have addhar card can I get loan,neutral
I do not have an Aadhaar Card. What should I do?,question
If Aadhaar card goes missing would I be able to give my application?,question
If my Aadhaar card is lost can I still submit my application?,question
I lost my aadhaar can I still apply?,question
Is Aadhaar card mandatory for filling the loan application?,question
Is it compulsory to give Aadhaar card for the sanction of this loan?,question
Is it mandatory to give Aadhaar card for loan?,question
No Aadhaar,neutral
No Aadhaar. Can I apply?,question
No aadhaar. Can I still get the loan?,question
No aadhaar here. Can I still get a loan?,question
No aadhaar here. Can I submit application?,question
Not having aadhaar. What to do?,question
Without the aadhaar get I still get loan?,question
Without having Aadhaar card can I submit my application?,question
What should I do if i don't have Aadhaar card?,question
What can I do if I lost Aadhaar card?,question
What can I do if I don't have Aadhaar card?,question
What are my options if I don't have the  Aadhaar card?,question
Tell me can you give me a loan without the Aadhaar card?,question
Aadhaar card is lost can I still submit my application?,question
Aadhaar card is missing.,neutral
Aadhaar card is missing What to do?,question
Aadhaar is lost what else can I do?,question
can I apply for loan even if I do not have addhar card?,question
Can I apply without having Aadhaar card?,question
Can I get loan without the Aadhaar card?,question
Can I still get loan even without aadhaar?,question
Can I submit my application even if I dont have Aadhaar card,question
Don't have Aadhaar card Tell me what should I do?,question
How to get loan without Aadhaar card?,question
What address proof can I provide?,question
Types of address proofs I can give?,question
The types of proofs of address. Which I can give.,question
The proofs of address that I need to submit.,neutral
The business address proofs I can upload in the application?,neutral
The bills to be uploaded for proving the address?,neutral
The address proofs that can be uploaded in application?,neutral
The address proofs that are needed in this application?,neutral
Need to provide which address proofs?,question
In application which address proofs can be uploaded?,question
For proving the address what is the proofs I can upload?,question
For proving my address what address I need to give?,question
For proof of my address which bills do you need?,question
For address proof what bills can I upload?,question
For address proof what bills can Igive?,question
The personal address information I can upload in the application?,question
personal address proofs I'll have to provide?,question
personal address proofs I need to give?,question
personal address proofs I need to upload?,question
Please tell me what are different personal address proofs I can upload in this application?,question
Personal proofs to be added in application?,neutral
Personal proofs added on application?,neutral
Tell me what are the personal address proofs I can upload in the application?,question
Which personal address proofs can I upload in the application?,question
What types of personal address proofs can I provide?,question
What types of personal address information can I upload as part of the application?,question
What personal address can I give for my address,question
What are the personal address proofs I can upload in the application?,question
The personal address proofs I can upload in the application?,neutral
Address information I can upload in the application?,neutral
Address proof I have to provide,neutral
Address proofs I can upload in the application?,neutral
Address proofs I'll have to provide?,neutral
Address proofs I need to give?,neutral
Address proofs I need to upload?,neutral
Bills for proof of address?,neutral
Bills I can give for address proof?,neutral
Bills I can upload for proof of my address?,neutral
Bills that I can give for the address proof?,neutral
Bills to give for proof of address?,neutral
Bills to give for proving the address,neutral
Bills you need to address proof?,neutral
personal address proofs can I give in the application?,neutral
personal address information I can upload in the application?,neutral
For the application what are the personal adresss information I can upload?,question
Different personal address proofs I can upload in this loan application?,question
In loan application what are diifferent personal address proofs ?,question
home or personal address proofs can I upload as part of the application?,neutral
For the application what are the personal adresss proofs I can upload?,neutral
Which address proof should I give to you?,question
Which address proofs do I need to provide?,question
Which address proofs do I need to give?,question
Which address proof do you need from me?,question
What to upload for proving my address?,question
what bills to give for address proof?,question
What are the types of address proofs I need to give?,question
What address proofs are accepted?,question
Types of address proofs that can be uploaded?,question
Personal address proofs can I provide in loan application?,question
Process of application process for getiing the loan?,neutral
Process of abcd company direct applying?,neutral
Process of abcd company direct application process for getiing the loan?,neutral
Process of abcd company direct application?,neutral
Process for applying for this loan?,neutral
Process for applying for abcd company direct?,neutral
Procedure to take loan?,neutral
Procedure to have finance?,neutral
procedure to get finance for business?,neutral
procedure to get finance?,neutral
Procedure to apply for loan?,neutral
procedure of this loan application procedure for getiing the loan?,neutral
Please tell How can I apply for abcd company direct?,question
Please tell me the process for getting the loan?,question
Please tell me the process in order to apply for abcd company direct?,question
Please tell me the ways for applying for abcd company direct?,question
procedure of abcd company direct application procedure for getting the loan?,neutral
Procedure for loan sanction,neutral
procedure for applying for simplerloan?,neutral
procedure for applying for abcd company direct?,neutral
Please tell the process of abcd company direct application to get loan?,question
Please tell the process for registering abcd company direct?,question
Please tell the process for applying this loan?,question
Please tell the process for applying abcd company direct?,question
Please tell the procedure of this loan application to get loan?,question
Please tell the procedure of application to get loan?,question
Please tell the procedure of abcd company direct application to get loan?,question
Can you please tell me the process of abcd company direct application?,question
Can you please tell me what are the ways to apply for abcd company direct?,question
Can you please tell me what are the ways to register for abcd company direct?,question
For sanction of loan what is the process?,question
For taking the loan what is the process?,question
For the loan requirement what is the process?,question
Guide me the loan process,neutral
Please tell the procedure for applying abcd company direct?,question
Please tell me the ways for registering for abcd company direct?,question
Can you please tell me the procedure of this loan application?,question
I want Business loan for amount 2 lacks how can I proceed?,question
I want Business loan for amount 2 lacks how to proceed?,question
Would like to know how can I get loan?,question
With the process of loan please guide me,neutral
Where can I register for a abcd company direct?,question
Where can I apply for a abcd company direct?,question
this loan moblie application process?,neutral
To get loan how to I sign up?,question
how to get loan,question
How to fill the loan application,question
How to fill the application?,question
How to do the loan application?,question
How to apply for loan ?,question
how to apply for loan,question
How to apply for business loan?,question
How to apply for abcd company direct loan?,question
How to apply?,question
How I will get loan?,question
How is the process to apply for this loan?,question
I want to know the procedure for loan,neutral
Can you please tell me the procedure of application?,question
Can you please tell me process for the loan?,question
Can you please tell me about process of abcd company direct application?,question
Can you please tell me about procedure of abcd company direct application?,question
CAn I get your application form?,question
As I want a new loan what is the procedure for that?,question
abcd company direct registering process?,neutral
abcd company direct online applying process?,neutral
abcd company direct online applying procedure?,neutral
abcd company direct moblie application process?,neutral
abcd company direct moblie application procedure?,neutral
abcd company direct applying process?,neutral
abcd company direct applying procedure?,neutral
abcd company direct applying how?,neutral
abcd company direct apply,neutral
abcd company direct application process?,neutral
abcd company direct application procedure?,neutral
How do I proceed for loan,question
How to proceed for loan,question
How should I proceed for loan?,question
I want to know how does this application work?,neutral
I want loan what's the process?,neutral
I need to know what is process of loan for a new business,question
I need loan tell me the process?,neutral
I need loan so what is the process?,question
I need a loan. How to get it??,question
I have a business what is the paper work for taking this loan facility?,question
How would one apply for abcd company direct?,question
How will I get loan?,question
What's the abcd company direct applying procedure for taking the loan?,question
What's the abcd company direct applying process for taking the loan?,question
What's the applying process for the loan?,question
What's the loan process?,question
Whats the loan process?,question
What's the procedure for applying abcd company direct?,question
What's the procedure for registering abcd company direct?,question
What's the procedure to start new businesses?,question
What's the process for applying this loan?,question
What's the process for registering abcd company direct?,question
What to do for loan application?,question
Help me with the loan procedure,neutral
Guide me through the process of loan?,neutral
How apply for abcd company direct loan?,question
How will get loan,question
How to start application for loan?,question
How to I sign up to get the loan,question
How to I sign up for the process of loan,question
Can you please tell me the process?,question
To get this loan ewhta is the procss?,question
want to know how is the application process?,question
Want to know procedure for loan?,neutral
Want to know the application procedure,neutral
want to know the procedure for application,neutral
Want to know the procedure of this loan?,neutral
Want to know the process of loan application,neutral
Want to know the process to start new business,neutral
What are steps to get the loan?,neutral
How to I sign up for the loan,question
How to I sign up,question
How to get the loan?,question
What's the process for applying abcd company direct?,question
What are the details to apply for the loan?,question
What are the ways to apply for abcd company direct?,question
What are the ways to register for abcd company direct?,question
What is Loan procedure?,question
What is the application process?,question
What is the applying process?,question
What is the procedure for this loan?,question
What is the procedure to get finance,question
What is the process and paper work for taking this loan?,question
What is the process for getting finance?,question
What is the process for getting the loan?,question
What is the process for the sanction of loan?,question
What is the process of applying for abcd company direct?,question
What is the process of applying for this loan?,question
What is the process of registering for abcd company direct?,question
What is the process of taking the loan?,question
What is the process to apply for abcd company direct?,question
What is the process to apply for simplerloan?,question
What is the process to get finance?,question
What is the process to start new business?,question
What is your application process?,question
What is your loan process?,question
What is your process of application?,question
What's the abcd company direct application procedure for taking the loan?,question
What's the abcd company direct application process for taking the loan?,question
How is the process to apply for abcd company direct?,question
How is the procedure to apply for abcd company direct?,question
How is the possible to take loan?,question
How is it possible to get loan?,question
How I can get the loan?,question
How getting loan?,question
How get loan?,question
How do I applying for abcd company direct?,question
How do I apply for loan?,question
How do I apply?,question
How can I take loan from your company?,question
How can I have a business loan?,question
How can I get the loan please tell me the process,question
How can I get It Please Tell me for process,question
How can I get a loan from you?,question
How can I fill the loan application?,question
How can I apply for the business loan?,question
How can I apply for loan?,question
how can I apply for loan,question
How can I apply for abcd company direct?,question
How can get loan,question
The process of abcd company direct applying to get loan?,neutral
The process of abcd company direct application to get loan?,neutral
The procedure of this loan application to get loan?,neutral
The procedure of simplerloan application to get loan?,neutral
The procedure of abcd company direct applying to get loan?,neutral
The procedure of abcd company direct application to get loan?,neutral
Tell me the process to get this loan?,neutral
Tell me the process of abcd company direct application ?,neutral
Tell me the process for applying for this loan?,neutral
Tell me the procedure of this loan application?,neutral
Tell me the procedure of abcd company direct application ?,neutral
tell me the procedure for applciation,neutral
Tell me about the process to apply for simplerloan?,neutral
Tell me about the process to apply for abcd company direct?,neutral
Steps to get the loan,neutral
Steps for availing the loan,neutral
Send me your application form,neutral
Process to get loan for business?,neutral
Process to get business loan?,neutral
Process to apply for loan?,neutral
Process to apply?,neutral
Process of abcd company direct applying process for getiing the loan?,neutral
Need offline application form,neutral
Need the details to apply for loan?,neutral
Need the process for loan,neutral
need to know the loan process,neutral
Need your application form,neutral
please guide me the with procedure of the loan?,neutral
Please send application form,neutral
I want to know what is process of loan for a new business,question
I would like to know the process of application,question
I would like to know the process of loan,question
loan application procedure?,neutral
Loan applying process?,neutral
Loan apply karna hai,neutral
Mobile app abcd company direct applying procedure?,neutral
Mobile app loan applying procedure?,neutral
Nedd help with loan procedure,neutral
Need loan so how is it possible?,question
What is process for enrolling for sodexo pass?,question
Give me the application process,neutral
How will I create a new account?,question
How do I enroll for a meal pass?,question
How to sign up?,question
How do I register?,question
Can you please tell me the process of sodexo pass application?,question
Can you please tell me the process?,question
Can you please tell me the procedure of this pass application?,question
Can you please tell me the procedure of application?,question
Sodexo meal pass registering process?,neutral
Sodexo pass online applying process?,neutral
Sodexo pass online applying procedure?,neutral
Apply through mobile or website?,neutral
Sodexo moblie application procedure?,neutral
Sodexo applying process?,neutral
Sodexo applying procedure?,neutral
Sodexo pass applying how?,neutral
Sodexo pass apply,neutral
Sodexo pass application process?,neutral
Sodexo pass application procedure?,neutral
How should I proceed for pass?,question
How do I proceed for meal pass,question
How to proceed for pass,question
What is the process for getting the pass?,question
Need a new meal pass how to apply,question
New pass needed,neutral
How to apply for a new pass,question
How to register for a new meal pass,question
How to apply for meal pass?,question
Process for registration,neutral
Register for premium pass,neutral
Apply for premium pass?,neutral
Register for meal pass.,neutral
How to apply?,question
Application process?,neutral
Registration method?,neutral
Process of application,neutral
How do I apply?,question
Give me the registration procedure,neutral
What form do i have to fill for enrolling into sodexo,neutral
How can i join sodexo?,question
How can i book my sodexo pass?,question
Can you guide me through your company's enrollment procedure,question
Sign up for sodexo pass/card,neutral
Apply for meal pass.,neutral
Registration process for meal pass?,question
Application process for meal pass?,question
How to apply/register?,question
What is the registration process?,question
How do i utilize serves provided by your company,question
Process of signing up for sodexo,neutral
Hw do i register?,question
Can i signup here?,question
Cn u hlp me with registration?,question
Where can I apply or register for a Sodexo card?,question
How to register?,question
Process of registering?,question
How do I apply for meal pass?,question
What is the application process?,question
Apply kaise kare?,neutral
Application method?,neutral
Time it takes to get the loan to be approved?,neutral
Time it will take to get a loan approval?,neutral
Time it will take to get a loan sanctioned?,neutral
Time needed for the loan approved?,neutral
Time needed for the loan granted?,neutral
Time need for the loan approval?,neutral
Time required for loan approval?,neutral
Why is this approval taking so much time?,question
What's the time you take for approving any loan,question
What's the time you need to sanction my loan,question
What's the time you need to approve my loan,question
What is the time duration for approval?,question
What is the approval time for this loan?,question
Where are you taking so time time for approval?,question
Too much time for approval,neutral
Time you need for giving me a loan granted?,neutral
Time you need for giving me a loan approved?,neutral
Time you'd take for process the loan sanction,neutral
For this loan what is the approval time?,neutral
How long does it take for a loan to be approved?,question
How long will it take to get the money after loan has been sanctioned?,question
How long will it time required after the loan has been granted?,question
How long will you take to give me loan amount after the loan has been approved?,question
How many days does loan approval take?,question
How many days will loan approval take?,question
How much time does it take for loan approval?,question
How much time for approval of loan?,question
How much time is needed for approval of loan?,question
How much time will be required for loan approval?,question
How much time will it take to approve my loan?,question
How much time will it take to sanction my loan?,question
how much time you are going to to take for approval of loan?,question
How much time you need to give me loan amount after the loan is approved?,question
How much time you need to give me money after the loan is approved?,question
In how many days after submitting is the loan approved?,question
In how many days is the the loan approved?,question
In how much time can you you give the loan,question
In how much time will I get loan after applying?,question
Loan approval is taking lot of time,neutral
Loan approval takes how much time?,neutral
Loan is approved in how many days?,neutral
The loan approval is going for a long time,neutral
Time for approval is very much,neutral
Time it takes to get the loan to be granted?,neutral
Time you need for approval,neutral
Time you'd take for process the loan approval,neutral
Time required for loan sanction process,neutral
Time required for loan approval process,neutral
After applying in how much time will I get loan?,question
After applying loan will get in how much time?,question
After loan application how much time required?,question
After the loan process how much time is required?,question
After the process how much time needed?,question
Already applied in how much time will I get loan?,question
Approval is taking very much time...,neutral
Approval time is too long.,neutral
Approval time is very much,neutral
For approval of loan how much time is required?,neutral
For getting this loan what is the time required for approval?,neutral
For loan approval how much time will be required?,neutral
for loan what is the approval time?,neutral
For long time loan approval is going on,neutral
you cannot help me,neutral
I don't get response,neutral
Really bad support,neutral
No response from your side,neutral
Have not recieved responses,neutral
Do not recieved any response from you guys,neutral
You don't respond to my emails,neutral
You guys have a really bad service,neutral
No response of my emails,neutral
You have not responded to my email queries,neutral
abcd company has a bad support,neutral
You have a bad support,neutral
You really have a bad service,neutral
Bad service you have,neutral
I cannot find my current bank in net banking option,neutral
In net banking option I cannot find my bank,neutral
In net banking option I cannot find my current bank,neutral
My bank is not available in net banking option,neutral
My bank is not present in net banking choice,neutral
My bank is not present in net banking option,neutral
Bank is not there in banking options?,neutral
My bank is not supported,neutral
My bank is not there in options,neutral
My bank option is missing?,neutral
My current bank is not present in net banking option,neutral
Can you tell me why is my curent bank not present in net banking option?,neutral
My pank is missing from options?,neutral
No my bank is not present in the options,neutral
Why is my current bank not available in net banking option?,question
Why is my current bank not present in Net banking option?,question
Why is my current bank not present in online banking choice?,question
Why is my current bank not showing in the net banking option,question
Why si my bank not supported,question
Will I need an account of a specific bank for making the loan application?,question
Can you tell me why is my current bank not present in online banking choice?,question
Do I need to have an account of a certain bank for making the loan application because my bank is not avalable in net banking option,question
Do I need to have an account of a specific bank for making the loan application?,question
For making loan application do I need to have an account on a certain bank as my bank is not showing up in net banking option,question
For making loan application do I need to have an account on a specific bank?,question
For making loan application do I need to have an account on a specific bank because my bank is not present in net banking option,question
For the application of Loan will I have to make an account on a certain bank as in the net banking option my current bank is not available,question
Help me because I cannot find my bank in net banking option,neutral
Help me because I cannot find my current bank in net banking option,neutral
How should I proceed as I cannot find my bank in online banking choices?,question
I cannot find my bank in Net banking.,neutral
I cannot find my bank in net banking option,neutral
In net banking choice I cannot find my bank?,neutral
Bank is not there in the options,neutral
Bank not there on the options,neutral
cannot find my bank in net banking choice,neutral
Cannot find my bank in netbanking option,neutral
Bank is not supported by you,neutral
Bank is not present in the options,neutral
You do no support my bank,neutral
Would I need an account with a specific bank to make the loan application?,question
Will I need an account of a specific bank for making the loan application as I cannot find my current bank in net banking option?,question
Why is my bank not showing in the online banking choice?,question
Why is my bank not showing in the net banking option,question
Why is my bank not present in Net banking option?,question
Why is my bank is not present in net banking option?,question
Why is my bank is not present in net banking choices?,question
Why is my bank is not available in net banking option?,question
There is not my bank is net banking option?,neutral
There are Issues with net banking,neutral
Some Issues coming with net banking,neutral
Please tell me why is my current bank not present in net banking option?,question
Please tell me why is my curent bank not present in net banking option?,question
Please tell me why is my curent bank not available in net banking option?,question
What should I enter if my business category is not presented in the choices?,neutral
Cannot find Industry Type.,neutral
Cannot find Industry Type on the options.,neutral
Category I'm in is not present in the options,neutral
I cannot find my Business Category / Business Type in the options provided. What should I enter?,neutral
My business is not present on the category list,neutral
What should I enter if my business category is not presented in the options?,question
What should I enter if my business type is not presented in the options?,question
What to do as my business is not listed in the options?,question
What to do as my business is not listed on the categories?,question
What to do if my business category is not in the options?,question
What to enter if my my business category is not listed?,question
What to enter if my my business type is not listed?,question
Which option should I choose If my business category is not present?,question
Actually the business category I'm in is not present in the choices What should I do?,neutral
Actualy the business category I'm in is not present in the options What should I do?,neutral
if my business category is not present in the options,neutral
Industry Type is not there in the options.,neutral
In the business category my business is not listed What to do?,question
In the business type my business is not listed What to do?,question
In the options cannot find Industry Type.,question
In the options provided business category is not present What should I do?,question
My biz category is missing in the options What can I do?,question
My Business category is missing in the choices What can I do?,question
My Business category is missing in the options.,question
My Business category is missing in the options What can I do?,question
My business category is not there.,neutral
My business category missing from the options.,neutral
My business if different form the choices,neutral
My business is not listed in the options.,neutral
My business is not present on the category options.,neutral
My business is not there in category,neutral
My Business type is missing in the options What can I do?,question
The business I'm in is not there on the category list,neutral
What can I do even if my business category is not present in the choices?,question
What can I do even if my business category is not present in the options?,question
What should I enter if my biz type is not presented in the options?,question
Business category is not there in the options Which option should I chosse now ?,question
Business category missing from the options,neutral
Business category missing from the options. What should I do?,question
new companies can also apply?,question
Can I get loan for new enterprise?,question
Can I get loan for new venture,question
Can i get loan for start new business?,question
can i get loan to start new business?,question
Can new businesses also apply for loan?,question
Can new companies apply for loan?,question
I just opened a new business,neutral
I'm a beginner in business,neutral
I'm new in business so I can get loan?,question
I'm planning to start up,neutral
I'm starting business,neutral
I started my business last week,neutral
I started my business started last month,neutral
i started one my company last week,neutral
I starting new firm for business,neutral
I starting new firm for new business,neutral
Its a fresh company,neutral
i want create a business,neutral
i want the money to start a new business,neutral
I want to open a business,neutral
I want to open an enterprise,neutral
I want to start a business.,neutral
I want to start a service,neutral
I want to start a small business can you give me loan?,neutral
I want to start my business so need loan,neutral
I want to start my own enterprise,neutral
Loan available for company less than one year,neutral
Loan available for setting up new business,neutral
Loan for new business?,neutral
Loan give to start business now?,neutral
Loan is available for new businesses?,neutral
My business is new,neutral
My business is relatively new,neutral
my company is started 1 month before,neutral
My company just started months ago,neutral
Need to start own venture,neutral
New business can get loan?,neutral
New businesses can also apply for loans?,neutral
New businesses can get loans?,neutral
Can any fresher apply for loan?,neutral
New company can apply for loan?,neutral
Newly opened company,neutral
New venture can get loan?,neutral
Now starting a new business,neutral
Recently started my company,neutral
Sir I have opened new business,neutral
Started my company last month,neutral
Starting a business now,neutral
Starting a new business,neutral
The business I have is not so old,neutral
The business is relatively new,neutral
To start a business can you give me loan?,neutral
Want to build a new empire,neutral
Want to start a business,neutral
Want to start a business and need loan for that,neutral
Want to start a new venture,neutral
Want to start business needs loan for that,neutral
What to start new business for which I want loan?,neutral
Will you me loan to start my own business?,question
Would like to start a small company. Need loan for that.,question
New in business so can I get loan?,question
Apna business open karna hai sir,neutral
Business start karna hai,neutral
Business shuru karna hai,neutral
this is my first business,neutral
I am starting an online business,neutral
Can a new business get a loan from you?,question
This loan would be good for my business?,neutral
this loan is available to all kinds of business?,neutral
This loan caters to which kind of businesses?,neutral
The types of companies you give loan to,neutral
The loan you give is right for my company?,neutral
The kind of companies you give the loan?,neutral
The categories of company you give the loan to,neutral
Tell me the types of companies to which you give loan,neutral
Tell me the types of companies that can use this loan?,neutral
Tell me the types of companies that can use abcd company direct?,neutral
Tell me the business that I take loan from you?,neutral
Tell me the business that can use this loan?,neutral
Tell me the business that can use abcd company direct?,neutral
Providing loan is available for all kind of biz?,neutral
Only business who can apply for abcd company direct from abcd company?,neutral
Number of companies to give  the loan too,neutral
My business can avail abcd company direct from abcd company?,neutral
My biz can apply for loan?,neutral
Loan you give is to which types of companies?,neutral
Loan will be offered to which types of business?,neutral
Loan is provided to which type of businesses?,neutral
Loan is provided for which businesses?,neutral
loan is given to which firms?,neutral
Loan is given by you for which companies,neutral
loan can used by which business?,neutral
Loan can be taken by me?,neutral
Loan available for business like ours?,neutral
Keep simple tp,neutral
Is this type of loan right for my business?,question
Is this loan right for mine business?,question
Is Loan good for my business?,question
Is abcd company direct right for my business?,question
Is abcd company direct good for my business?,question
Is abcd company direct appropriate for my business?,question
I have a proprietorship. Can I apply?,question
I have a private company. Can I apply?,question
How is abcd company direct right for my business?,question
From you can I take the loan?,neutral
For what type of business this loan is provided?,question
Firms which can apply for this loan?,question
Do you offer loan to business like ours?,question
Can my business take loan from you?,question
Can my business avail abcd company direct?,question
Which business can take loan from you?,question
What types of companies do you give loans to?,question
What types of businesses does your loan caters?,question
What kind of companies use this loan,question
What kind of companies use abcd company direct,question
Can I take the business loan from your company?,question
Can I take the business loan from you?,question
Can I take loan from your company?,question
Can can be taken by any business?,question
Businesses which can avail services of abcd company direct?,neutral
Any business can take this loan?,neutral
abcd company provides loan to which type of business?,neutral
abcd company is for providing loan and is available for all kind of biz?,neutral
abcd company gives loan to which kind to businesses?,neutral
abcd company direct would be suitable for my business?,neutral
abcd company direct will be offered to which types of business?,neutral
abcd company direct is given to which of the businesses?,neutral
abcd company direct is given to what kind of businesses?,neutral
abcd company direct is delivered for what kinds of businesses?,neutral
abcd company direct is available for my business?,neutral
abcd company direct could be used for what type of business?,neutral
abcd company direct caters to what kind of business?,neutral
abcd company direct can used by which business?,neutral
abcd company direct can be used in my business?,neutral
abcd company direct can be used by which of the businesses?,neutral
abcd company direct can be used by business of which types?,neutral
Is this loan give only to firms?,neutral
Can my business apply for abcd company direct?,question
Who can take loan from abcd company?,neutral
this loan give only to business?,question
this loan give only to businesses?,question
this loan give only to companies?,question
What kind of business can take loan from you?,question
Types of companies you give loans to?,neutral
Types of business which can apply for this loan of abcd company?,neutral
Types of business that can have loan from you?,neutral
Types of business that can have loan?,neutral
Types of businesses which can apply for loan from your company?,neutral
Which businesses does this loan caters to?,question
Which type of business can apply for abcd company direct?,question
Which types of business can have loan from you?,question
Who can apply for abcd company direct?,question
Who can take loan from abcd company?,question
You will provide your loan to us?,neutral
Your company gives loan to what kind of businesses?,neutral
You provide loan of which business?,neutral
You give loan to which types of business?,neutral
Would abcd company direct be right for my business,question
Will you give me your loan?,question
To which types of companies do you give loans,question
To which types of businesses do you offer loan?,question
How much amount of money can I have?,question
How much can I borrow and for how long?,question
Amount given for loan?,neutral
Amount I can borrow from this loan?,neutral
Amount I can have as loan?,neutral
Amount I can take as loan?,neutral
Amount of loan that I can take?,neutral
How much loan amount can I get?,question
Amount of money I can take as a loan?,neutral
Amount of money I can take as loan?,neutral
Amount of money I have as loan from abcd company?,neutral
How much loan amount can I take from you?,question
Borrowing limit?,neutral
Borrow limit?,neutral
Can you send me the info about money I can have from this loan?,question
Different loan amounts I can have as loan?,neutral
Final limit of money I can take as a loan?,neutral
For how long can I have your borrowed money?,question
How much amount I can get?,question
Is there any limit on loan I can have?,question
I can have what type of loan amount?,neutral
How much money can I take as loan?,question
How much loan can I get?,question
How much loan can I get ?,question
How much loan amount I can get?,question
How much loan amount can I take as a loan?,question
Amount till which you give loans to busineses?,neutral
As a loan how much loan amount can I take?,question
As a loan how much money can I have?,question
As loan how money can I have?,question
When will I have to give back the loan amount I take from abcd company direct?,question
What si the borrow limit?,question
What loan amount I can get as loan?,question
What is your borrowing limit?,question
What is the total amount I can borrow from this loan?,question
What is the money I can borrow from this loan?,question
What is the loan amount I can take as loan?,question
What is the limit of loan I can have?,question
What is money I Can take as a loan?,question
What is amount you give money to businesses?,question
What are the loan amounts that I can have?,question
What are the different loan amount I can have?,question
What amount of loan I can take from you?,question
Total money I can borrow from your loan?,neutral
Total amount of money I can have from your simplerloan?,neutral
Total amount of money I can have from your abcd company direct?,neutral
Total amount I can borrow from your loan?,neutral
Till what amount do you give loan?,question
Till amount which you give loan to businesses?,question
Tell me the money I can borrow from the loan?,neutral
Tell me the loan amount I can take from you?,neutral
Tell me the limit on loan that I have?,neutral
What is the borrowing limit?,question
Loan amount I can take from you?,neutral
Loan amount I can have?,neutral
Limit of money I can take as loan?,neutral
Need information about the money I can take from simplerloan?,question
Please send information about the amount of money I can have from this loan?,question
Please send information about the money I can have from this loan?,question
Need information about the money I can take from abcd company direct?,question
Need information about the amount I can take from this loan?,question
Need information about the amount I can take from abcd company direct?,question
Need details about how much money I can take from abcd company direct?,question
Need details about how much money I can take?,question
Need details about how much amount I can take from this loan?,question
Need details about how much amount I can take from abcd company direct?,question
Most money I can have as loan?,neutral
Money I can borrow from your company?,neutral
Money I can borrow from this loan?,neutral
Please tell me the amount I can borrow?,neutral
Please tell me the amount I can borrow from abcd company direct?,neutral
Please tell me the amount I can borrow from this loan?,neutral
Please tell me the money I can borrow from abcd company direct?,neutral
Send info about the amount I can have from this loan?,neutral
Send info about the money I can have from this loan?,neutral
Tell me the amount I can borrow from the loan?,neutral
borrow money given can used by me for which purposes?,neutral
Can this borrowed amount be used for business purposes?,question
Can this borrowed amount be used for business reasons?,question
Cases in which abcd company direct would be used be me,neutral
Different objectives I can do with abcd company direct?,neutral
Different purposes this borrowed amount can be used?,neutral
Different purposes this borrowed money can be used?,neutral
Different reasons this borrowed amount can be used?,neutral
Different reasons this borrowed money can be used?,neutral
For what functions can I use abcd company direct?,question
For what functions can I use this loan?,question
For what purposes can I use abcd company direct?,question
For what purposes can I use the borrowed amount?,question
For what purposes can I use the borrow money?,question
Which purposes can this borrowed amount be used for?,question
Which objectives can I fulfill with abcd company direct?,question
Where would I use you this loan?,question
Where would I use you abcd company direct?,question
Where to use abcd company direct money?,question
Where can I use this money from loan?,question
Where can I use this loan?,question
Where can I use the loan money?,question
Where can I use the loan?,question
Where can I used the loaned amount?,question
Where can I use abcd company direct,question
What can I use the money?,question
What can I use the loan money for?,question
What can I use the loan amount for?,question
What can I use the borrowed money for? What can I not use the borrowed money for?,question
What can I use the borrowed money for?,question
What are the various purposes that abcd company direct can be used for?,question
What are the various functions that abcd company direct can be used for?,question
What are the different things where abcd company direct is benificial?,question
What are the different things that abcd company direct can be used for,question
What are the different reasons this borrowed amount is valid?,question
What are the different purposes this borrowed money is valid?,question
What are the different purposes this borrowed amount is valid?,question
What are the different objectives can I fulfill with abcd company direct,question
Various reasons I can use the borrow money?,neutral
Various reasons I can use the borrowed amount?,neutral
Various purposes I can use the borrowed amount?,neutral
Use cases for this loan?,neutral
Use cases for abcd company direct,neutral
Which purposes can this borrowed money be used for?,neutral
if i am a stock market trader then can i get the loan,question
stock market trader then can i get the loan,neutral
stock market trader i need loan,neutral
stock market trader i need loan from abcd company,neutral
From abcd company i need loan and i'm in trading,neutral
Loan amount can be used where?,neutral
can i get loan for trading in stocks,neutral
Need loan for trading,neutral
For what reasons can I use abcd company direct?,question
For what reasons can I use the borrowed amount?,question
For what scenarios will abcd company direct help?,question
For what scenarios will this loan help?,question
For which functions will I use abcd company direct?,question
For which functions will I use this loan?,question
For which of the purposes will I use abcd company direct?,question
I can use the borrowed amount for what purpose?,neutral
I can use the borrowed amount for what reason?,neutral
In which scenarios would be abcd company direct useful?,question
In which scenarios would be this loan useful?,question
Is there any restriction on how I use the borrowed money for?,question
Loan amount can be used for doing what?,neutral
can i get loan for trading,question
Loan can be used for which purposes?,neutral
Loan I can use for which purposes?,neutral
Loan money Can be used where?,neutral
Loan money use?,neutral
loan would be used by me for which purposes?,neutral
Money of the loan can be used where?,neutral
Money taken by abcd company direct can be used where?,neutral
Need to taking abcd company direct?,neutral
Objective I can achieve by using abcd company direct?,neutral
Objective I can achieve by using this loan?,neutral
Please tell me where can I use abcd company direct,question
projects can I use the borrowed amount in ?,neutral
Purposes I can use the borrowed amount for?,neutral
reasons I can use the borrowed amount for?,neutral
Tell me the places where I can use the loaned amount?,neutral
Tell me what can I do with the loaned amount?,neutral
Tell me which objectives can I fulfill with abcd company direct?,neutral
The loaned amount can be used where?,neutral
Things for which abcd company direct would be useful?,neutral
Why to take abcd company direct?,question
Which reasons can this borrowed money be used for?,question
Amount granted by abcd company direct can be used by me for which purposes?,neutral
abcd company direct would be used by me for which purposes?,neutral
abcd company direct would be used by me for which functions,neutral
abcd company direct would be used by me for what purposes?,neutral
abcd company direct would be benificial for me in which purposes,neutral
abcd company direct can be use for which scenarios?,neutral
abcd company direct can be use for which purposes?,neutral
abcd company direct can be used by me for what purposes?,neutral
abcd company direct can be used by me for what kind of functions?,neutral
this loan would be used by me for which functions,neutral
Amount I can use for what reasons?,neutral
borrowed amount can be used for which of the purposes?,neutral
borrowed amount given can used by me for what reasons?,neutral
borrowed amount given can used by me for which purposes?,neutral
borrowed money can be used for which of the purposes?,neutral
borrow money given can used by me for what reasons?,neutral
FF7,neutral
Konami,neutral
SourPls,disappointment
lol,funny
i missed the nintendo stuff. what did they say about Animal crossing for the switch?,question
SourPls,disappointment
:ditto:,disappointment
cyberpunk cause i dont really like FF games,disappointment
GTA 6?,question
pfffff mgs4 on pc ......,disappointment
I gotta say Code Vein looked amazing,neutral
its xbox 2,neutral
yea metal gear collection on ps4/pc,neutral
Wolfenstein: Young Blood should be up next.,neutral
SourPls,disappointment
mrbrewed they don't actually know you're pregnant before you do,neutral
is E3 over?,question
qliruxezz there is no cod gameplay the confirmed it on Twitter,neutral
Suikoden 2 remaster on ps4!!d,neutral
IS THERE MW GAMEPLAY OR NOT,question
Oxxtazxxo coming out in march,neutral
By chat,neutral
When's GTA VI coming out?,question
darkl3gion00 sg,neutral
has nintendo been yet?,question
also neo,neutral
SourPls ayy ok,disappointment
SourPls,disappointment
pepsiman 2,neutral
akaruuU akaruuU akaruuU,neutral
Konami will show PES 20?,question
SourPls,disappointment
Code Vein looks awesome for sure peacemaker001,neutral
The only winner of E3 Is keanu  we had already seen FF7 and Cyberpunk not much new stuff,neutral
Metal Gear Pachinko for PC PogChamp,neutral
I WANT TETRIS REMASTERED Kappa,funny
if people like generic music Miserable of Sound makes crap like this all the time SeemsGood,neutral
Cancer Chat SeemsGood,neutral
sa786000 no none,neutral
No CoD gameplay.,neutral
Is Afterparty a game or a celebration of Apex Legends?,question
Konami special announcement ohnPanic,neutral
Chrispy1313 maaaaaaaaaaan,neutral
darkl3gion00 Var ingilizcen yok mu kardesim!??,question
how did gears 5 look?,question
uh fire emblem?,question
im down for silent hill tho,neutral
F O R T N I T E P L S,neutral
u got that?,question
efeymen ne diyon,neutral
Konami having a special announcement kinda scares me. LOL,funny
SourPls,disappointment
Pachinko LUL,funny
prepare for a silly gore trailer,neutral
PES LUL LUL,funny
Rockstar Games conference soon?,question
No Cyberpunk?? DansGame DansGame,question
when is for honor?,question
what about breath of the wild?,question
GUYS SHOW SOME RESPECT TO KONAMI THEYRE NOT BAD GUYS,neutral
Nintendo and Ubisoft are streaming rn. They have their own streams.,neutral
SourPls,disappointment
Judgment Kreygasm,disappointment
silent hill pachinko,neutral
i made this music :),neutral
voidable6 ok thanks,neutral
Doom eternal PogChamp,funny
Just tuned in. Was the Watch Dogs gameplay new or the same as the ubi conference?,question
SourPls WHATS SourPls THE SourPls OF SourPls THE SourPls SONG ? SourPls,question
hang_fire Either way ppl already sold their lives to the internet. Might as well get 10 bucks off new games,neutral
cyberpunk was yesterday or sundayu,neutral
anyone excited for the new FORTNITE battlepass lol!,neutral
What do weaboos eat for dinner?,question
dawgstermatic i am totally hoping its high customization. it looked beautiful,neutral
nymnWeird,neutral
GRANNY,neutral
IGN for cyberpunk next,neutral
voidable6 cod twitter ?,neutral
No :),neutral
is Kelly Link back?,question
Harsha,neutral
Hardik,neutral
nymnWeird,neutral
bu ne,neutral
PunchTrees,neutral
in doom eternal they discovered the level editor Kappa,neutral
KONAMI NEW MOBILE METAL GEAR DO YOU GUYS DONT HAVE PHONES? LUL,question
Imagine if Bully 2 suddenly got announced on E3 Kappa,neutral
nintendo won,neutral
heyitsrj ramen,neutral
bu ne beyler ben anlamadm,neutral
nymnK CHAT nymnK CHAT nymnK CHAT nymnK CHAT nymnK CHAT nymnK CHAT nymnK CHAT nymnK CHAT nymnK CHAT nymnK CHAT nymnK CHAT,neutral
where the big reveal,question
when is the modern warfare gameplay?,question
qliruxezz yeah and Charlie intel,neutral
Will there be somehing more about Cyberpunk this E3 or its done?,question
TJ_Frozen_Shades lol id lose it,neutral
Chaat when is halo realising?,question
doomy ternal,neutral
I missed Skate 4 BrainSlug FML BibleThump,neutral
call of duty ?,question
hi,neutral
slushied oh they decided to bow out and let amd take the show since amd is better.,neutral
Bully 2 really????,question
lirikK so em... source??,question
nvidias new cards are $4999 and $6999 Kappa,funny
halo won,neutral
Hai,neutral
PogChamp,funny
paris KKona,neutral
Bully 2 is real,neutral
New DOom WutFace,neutral
WutFace WutFace WutFace WutFace,disappointment
G,neutral
monkaS,neutral
DoctorWinters thanks,neutral
Heil,neutral
oh gawd...,neutral
PogChamp,funny
0/,neutral
Chub. bllblj in n u bb n. Nb vbbvm. Bb bb u u b. Lib. ,neutral
D:,neutral
DatSheffy,neutral
This Chat is breathtaking Kappa,funny
PogChamp,funny
peacemaker001 tbh same. Bully 2 is practically impossible just like half life 3 Kappa,funny
15% better then the other cars for only $3k more yo what a deal,neutral
nice,neutral
PogChamp PogChamp PogChamp PogChamp PogChamp,neutral
baby buu b. U u. H b by union. Bo,neutral
Lynerus with a $999 connector,neutral
PAPA,neutral
ResidentSleeper ResidentSleeper ResidentSleeper ResidentSleeper ResidentSleeper ResidentSleeper,disappointment
brut (ditto),neutral
PogChamp PogChamp PogChamp,neutral
WHY IS CHAT SO SLOW WutFace,question
wolfenstein ResidentSleeper ResidentSleeper ResidentSleeper ResidentSleeper,disappointment
nice,neutral
STRONK WOMANZ,neutral
let's rekt some nazis bois PogChamp,question
voidable6 amma go check thanks for info man,neutral
Oh. Ghhhhb Han n  kijnn##,neutral
oui can fin he,neutral
KKona Clap,neutral
yeaaahhhhhh,neutral
SourPls,disappointment
PogChamp,funny
boring,disappointment
NAZl COUNTRY? D:,neutral
F,neutral
mrbrewed just read a WaPo article about how many trackers your iPhone apps connect to overnight. Ridic,neutral
PogChmap,funny
PogChamp,funny
?? OMEGALUL,funny
DD,neutral
ResidentSleeper ResidentSleeper ResidentSleeper ResidentSleeper ResidentSleeper ResidentSleeper ResidentSleeper,disappointment
TriHard,neutral
If Bully 2 got announced  it would make this E3 completely orth,neutral
more wolfenstein ResidentSleeper ResidentSleeper ResidentSleeper,neutral
WOLFENSTEIN YOUNG SJW,neutral
DatSheffy,neutral
Time to kill me some Nazis!,neutral
is dis wolfenstein,neutral
forsen1,neutral
haHAA,neutral
Zulfikeay You're breathtaking Kappa,funny
4Head,neutral
#OPEN BORDERS FOR ISRAEL,neutral
too much blood this game is scary,neutral
hail 2 u,neutral
KNIFE,neutral
Kappa,funny
OH THAT'S CRUEL,neutral
1980 PogChamp,funny
michael bay presents: EXPLOSIONS!,neutral
qliruxezz I can whisper u the link,neutral
nazers DansGame,neutral
monkaS,neutral
OMEGALUL killing so fun,neutral
yesssss f**k Nazis this looks amazing,neutral
Moar Anna Prosser Pls Kreygasm Kreygasm,funny
,neutral
wolfenstein 37 ResidentSleeper,neutral
WOLFENSTIEN!,neutral
Bit psycho lol,neutral
edsondelao I think they may have said holiday 2020?? don't quote me,question
woman protaganist haHAA,neutral
we already saw this at the amd event,neutral
Looks cool,neutral
nymnDab,neutral
is this the pewdiepie arc?,question
<3 <3 <3 <3,neutral
WHAT THE HELL,disappointment
FeelsAmazingMan STAB STAB FeelsAmazingMan,neutral
lesbicas futuristas,neutral
I like the main characters,neutral
in 2058 wolfenstein 104 ResidentSleeper,neutral
HotPokket,neutral
zzzzzzzzzzzzzzzzzzzzzzz,neutral
hans bring me die panzerschreck,neutral
stupid character,neutral
nymnOkay CHAT,neutral
carpenter brut xxxP,neutral
ResidentSleeper,disappointment
love it!!!!!!,neutral
wow,neutral
KILL NAZIS!!!!,neutral
2100?,question
wolfenstein in jungle ResidentSleeper,neutral
Killing Machines,neutral
FeelsAmazingMan STAB FeelsAmazingMan,neutral
mewlieHypeu,neutral
SSSsss,neutral
so original and kewl haHAA,neutral
wolfenstein in space ResidentSleeper,neutral
Mods DansGame,neutral
this looks pretty good tho,neutral
HotPokket,neutral
wolfenstein so good,neutral
SwiftRage SwiftRage SwiftRage SwiftRage,neutral
!host,neutral
Doom better,neutral
Progressive game LUL,neutral
ResidentSleeper ResidentSleeper ResidentSleeper ResidentSleeper ResidentSleeper,disappointment
wolfenstein in asia ResidentSleeper,disappointment
xxxP Carpenter Brut callsign__apollo,neutral
destroying nazis PogChamp PogChamp PogChamp PogChamp PogChamp,funny
ahhh just like WW2,neutral
what the twitch robot should have been doing,neutral
Do you like instagibbing ppl into gore and never dying? EXPLKOSIONS!!! Pkewwww Pkewww.,funny
PowerUpR,neutral
WW2 was not like that DansGame,neutral
SMELLS like young blood,neutral
I am erect,neutral
SourPls,disappointment
wolfenstein in the moon ResidentSleeper,neutral
YIKES,disappointment
synced shots PogChamp,funny
Why so many shooters?,question
<3 <3 <3,neutral
PogChamp stein,funny
Murder Death Kill,neutral
Preorder LUL,funny
GOTY,neutral
BOORING!!!! MUSLIMS ARE THE NEW NAZIS!!! BOORING!!!! MUSLIMS ARE THE NEW NAZIS!!!BOORING!!!! MUSLIMS ARE THE NEW NAZIS!!!BOORING!!!! MUSLIMS ARE THE NEW NAZIS!!!BOORING!!!! MUSLIMS ARE THE NEW NAZIS!!!BOORING!!!! MUSLIMS ARE THE NEW NAZIS!!!BOORING!!!! MUSLIMS ARE THE NEW NAZIS!!!\,neutral
x11truRockOn,neutral
shooting,neutral
hey.,neutral
xokLUL xokLUL xokLUL xokLUL xokLUL,neutral
wassup young blood,neutral
wolfenstein in the sea ResidentSleeper,neutral
HotPokket,neutral
nerosa2MonkaS nerosa2MonkaS nerosa2MonkaS nerosa2MonkaS nerosa2MonkaS nerosa2MonkaS nerosa2MonkaS nerosa2MonkaS nerosa2MonkaS nerosa2MonkaS nerosa2MonkaS nerosa2MonkaS nerosa2MonkaS nerosa2MonkaS nerosa2MonkaS nerosa2MonkaS nerosa2MonkaS nerosa2MonkaS nerosa2MonkaS nerosa2MonkaS nerosa2MonkaS nerosa2MonkaS,neutral
ResidentSleeper,disappointment
D:,neutral
LULW,neutral
LMAO,neutral
looks great,neutral
s,neutral
BORING,disappointment
Lacration edition,neutral
SingsNote SingsMic TwitchSings,neutral
haHAA,funny
Wamen,neutral
FeelsBadMan,funny
06 23 32 33 43 euro,neutral
stop making generic shooters,neutral
KappaPride,funny
wolfenstein in the sand ResidentSleeper,disappointment
ResidentSleeper ResidentSleeper,disappointment
D:,neutral
haHAA,funny
switch!,neutral
STUPID GF,neutral
I like it,neutral
laceUp,neutral
muh natzi killing,neutral
ResidentSleeper ResidentSleeper ResidentSleeper ResidentSleeper ResidentSleeper ResidentSleeper,disappointment
WeirdChamp,neutral
AYO,neutral
They have the dumbest accents lol,neutral
Was that some Carpenter Brut?,neutral
KevinTurtle KevinTurtle KevinTurtle KevinTurtle,neutral
garbage,disappointment
D:,neutral
ResidentSleeper,disappointment
hyuck hyuck hyuck hyuck hycuk!,funny
Hardik,neutral
Harsha,neutral
i already pre ordered,neutral
fin nice dude xxxTHX,neutral
It's on switch lets go!,neutral
D:,neutral
lirikA lirikA lirikA lirikA lirikA lirikA lirikA lirikA lirikA lirikA lirikA lirikA,neutral
what is he wearing,neutral
so many shooters this year NotLikeThis,neutral
wolfenstein in air ResidentSleeper,neutral
Felegein!!! TriHard,neutral
Keanu Reeves Pog,neutral
sickkk,neutral
Get those micros in there,neutral
nymnWeird,neutral
nazis are the new nazis kiddo,neutral
JESUS PogChamp,neutral
ResidentSleeper ResidentSleeper ResidentSleeper ResidentSleeper ResidentSleeper ResidentSleeper ResidentSleeper ResidentSleeper ResidentSleeper ResidentSleeper ResidentSleeper ResidentSleeper ResidentSleeper ResidentSleeper ResidentSleeper ResidentSleeper,disappointment
keanu reeves poggers,neutral
zekeFLIRT,neutral
JEBBUSSS,neutral
wtf lol,neutral
zekeLOVE zekeLOVE zekeLOVE,neutral
"Such bad writing so forced ""badass""",neutral
very good,neutral
yessssssss,neutral
they look so ugly ew,neutral
Say no to what? monkaS,question
Maximillian,neutral
JERK EleGiggle EleGiggle EleGiggle EleGiggle EleGiggle EleGiggle,neutral
JERK LUL,funny
killing nazis who wouldnt,neutral
WE WANT CALL OF DUTY,neutral
Jerk?? LUL,funny
TriHard CHAT,neutral
WHEN IS MODERN WARFARE,question
ResidentSleeper ResidentSleeper ResidentSleeper,disappointment
say no tooooo...??,neutral
Can't say Nazzi in chat tho.,neutral
ayyy lono,neutral
WHERE IS KELLY LINK?,question
oh it's the MonkaS guy monkaS,neutral
my gf says to rage ya dam nerds,neutral
Every game has to be futuristic,neutral
don't show us that fat leg please,neutral
hoy mejoro lo que ofrecen la E3 o sigue siendo todo humo?,neutral
Jesus,neutral
ResidentSleeper,disappointment
Were there any news on Mario kart?,question
Wolfenstein ROCKS!,neutral
Its great more like it,neutral
guys when is cod mw ?,question
HotPokket Feminiazzis killing nazzis,neutral
COOP has never been done before PogChamp,funny
like four hours ago dude,neutral
BE NICE CHAT cyanAYAYA,neutral
I thought Modern Warfare announcements were at 3pm pst and that last schedule said it was at 1115am? Im so confused. This is so disorganized,question
Coop: The only thing better than kill nazis is to kill nazis with friends.,neutral
emilyccW emilyccW,neutral
orbitz133 emblaze1 pretty sure you missed it,neutral
slushied indeed  intel has to do something or they going down HARD,neutral
is he swedish lol that accent,neutral
Modern Warfare's been canceled.,neutral
SmoocherZ Zeek)))),neutral
when is call of duty ?,question
looks like a jerk,neutral
wolfenstein sucks,neutral
PogChamp PogChamp PogChamp,funny
HotPokket respect wamen,neutral
why not make it 3 to make TRIPLE FUN?????,question
sheldon,neutral
PanicVis,neutral
why female protagonists haHAA,neutral
This game looks solid,neutral
I've bought all the modern Wolfensteins but I might skip this one,neutral
They is no cod game play confirmed on Twitter,neutral
i think amd needs to be a BETTER card... not just the same stuff we already have a lower price,neutral
ResidentSleeper ResidentSleeper ResidentSleeper ResidentSleeper ResidentSleeper ResidentSleeper ResidentSleeper ResidentSleeper ResidentSleeper ResidentSleeper theasmPotato theasmPotato theasmPotato theasmPotato theasmPotato theasmPotato theasmPotato theasmPotato theasmPotato theasmPotato,disappointment
Did yall know wolfenstein is game about killing Nazis,neutral
PunchyApe LMAOOO emilyccW,neutral
really? u wanna see call of dut? LOL,funny
PogChamp ooskysLove PogChamp,funny
OhMyDog OhMyDog OhMyDog OhMyDog,neutral
HELLO CUSTOMER SERVICE,neutral
AI companion FeelsGoodMan,neutral
de e ju fan Jerka,neutral
jerk LUL,neutral
Is this Machine Games?,question
That AIM,neutral
NA aim,neutral
That dude looks TWEAKEDDDD,neutral
wasn't cod like 3 hours ago?,question
ai companion going to ruin hardest difficulty majinLUL,neutral
More games should have co-op! heck yea Wolfenstein!,neutral
wow bad aim,neutral
forsenSheffy,neutral
Fin orbitz133 emblaze1 yep,neutral
MAP & HINTS? WTF,disappointment
who is the potato playing this?,question
cod modern warfare is soo cool.. will gameplay jetzt,neutral
punchyape lmao what emote is that you used,neutral
Docking,neutral
THAT AIM,neutral
even if it costs a lot likely still lower then nvidia will do so people who buy high end nvidia cards can try amd to,neutral
meangirloffline apparently,neutral
BAD PLAYER LUL,neutral
do you like exploding naazis? How about futuristic naaaziis? Now with cooop naaaziis killing power!!!,question
The new wolfensteins have been good,neutral
STORMTROOPER AIM,neutral
ai dumb,neutral
do a 1080 no scope,neutral
They didn't show any gameplay for CoD,neutral
wolfeinstein doesnt even have einstein in it,neutral
potato doa sss game,neutral
cool,neutral
DIED LOL,neutral
emilyccW emilyccW,neutral
died lol,neutral
sntr,neutral
ggwp xd,neutral
someone get this person aimbot,neutral
18 LUL,neutral
hi,neutral
Wokenstein,neutral
18 Kappa,funny
LUL that screen cut when the player died,funny
LR LR LR,neutral
Set in the 80s and about Nazis?,neutral
Doesn't look very good o.o,neutral
cringe,neutral
Diesel Armor.... VW Armor BloodTrail,neutral
l,neutral
ever wonder what COD gameplay look like? watch this one Kappa,question
"stop forcing this fake ""badass female"" bs",neutral
Twitch Partner Itssliker he deserves it.,neutral
 kimondta LUL,funny
legal?,neutral
NotLikeThis,neutral
is this game better than FIFA 09?,question
oh no,neutral
This looks great.,neutral
cant wait to play,neutral
HotPokket,neutral
WHAT?,question
damn im bored again...,disappointment
FailFish,neutral
alternate history,neutral
distRust,neutral
Whens MAHVEL???,question
bethesda let some worker child do the gameplay for the presentation? LUL,funny
soooooooooooooooooooooooooooooooooooooo stupid,neutral
s h i t g a m e,neutral
Are the white blocks armor?,question
Still contemplating if the 2060 is worth $369,neutral
Healthbars? What the hell,disappointment
i'm just getting here... What has been an awesome announcement to you??? Go  me,question
that's a terrible selling point,neutral
will GTA 6 be anounced??,question
bro... thats kinda cringe,neutral
it's not that the game's blood level is cruel,neutral
fifa 98,neutral
nice aim Kappa,funny
Hola!,neutral
Dig the brutality.,neutral
those damage bars ruin it,neutral
Will this be developed by Machine Games?,question
terrible,neutral
It looks like wolfenstein 2 but made by an SJW,neutral
haHAA RACIST IN CHAT,funny
can i switch to 3rd person for reasons? sodHAHA,question
not that bad,neutral
Great AI,neutral
AIMLESS,neutral
GTA 6 probably won't be announced until next year at the earliest,neutral
ResidentSleeper,neutral
coming up next: call of duty: copy psate edition,neutral
T W I N S,neutral
I Cringe at people who say Cringe,neutral
Any triggered nezis in the chat?,question
aimmmmmmm,neutral
im predicting: worst sales in the series LUL,neutral
Super Best Friends Play FeelsBadMan,neutral
lonoLewd lonoLewd lonoHype lonoHype lonoLewd lonoLewd lonoHype lonoHype lonoLewd lonoLewd lonoHype lonoHype,neutral
kykis9 igaSus,neutral
SmugThief NEW ZELDA GAME AHH,neutral
TERRIBLE haHAA,funny
bro y fortnite ?,question
Are they streaming someone at a booth? LUL,question
n000000000000000b,neutral
best AI ever,neutral
better FPS than I expected,neutral
this game series really sucks.....,neutral
nigerian,neutral
e z n00b,neutral
BULLET SPONGES,neutral
Call of Duty: Copy PASTE edition,neutral
NAZIS IN CHAT haHAA,funny
Fin sodLUL,neutral
did they talk about Pokemon already ?,question
JERK,neutral
18 Kreygasm,neutral
#KillingNazis.,neutral
"Is it me or is it funny how the only selling point of this game is ""killing nazis"" lyk ok chill out",neutral
"We've always had ""tough"" females in gaming",neutral
Cade os brs,neutral
Why are there health bars?!,question
NotLikeThis,neutral
wow this game is bad,neutral
BelarussianGuy YOOOOO any release date?,question
I like it!,neutral
this is a solid 2.86/10,neutral
F,neutral
!uptime,neutral
DOOM MODERN WAREFARE,neutral
wath fortnite ?,neutral
is the dark haired sister a reference to a character from the lost in space film,neutral
elaBruv,neutral
f,disappointment
f,disappointment
F,disappointment
f,disappointment
f,disappointment
hola,neutral
HAS FORTNITE HEEN ON ,neutral
This looks COOL PogChamp PogChamp PogChamp PogChamp PogChamp,funny
Is this on ez mode or is the AI just that bad?,question
This s hit looks just like Rage 2,neutral
f,disappointment
ResidentSleeper ResidentSleeper ResidentSleeper ResidentSleeper ResidentSleeper ResidentSleeper ResidentSleeper ResidentSleeper ResidentSleeper ResidentSleeper ResidentSleeper ResidentSleeper ResidentSleeper,funny
Yeah the Healthbars are wack,neutral
F,disappointment
you received a pep! +50 health! OSFrog,neutral
frames dropping? or just me,question
F,disappointment
HeyGuys,neutral
f,disappointment
F,disappointment
f,disappointment
f,disappointment
HELP,neutral
F,disappointment
f??,disappointment
ResidentSleeper,disappointment
F,disappointment
zeke has such wonderful descriptions,neutral
F,disappointment
f,disappointment
F,disappointment
LUL next slide please LUL,funny
F,disappointment
F,disappointment
WTFF,disappointment
g,neutral
f,disappointment
F,disappointment
f,disappointment
F,disappointment
F,disappointment
Hackz,neutral
F,disappointment
F,disappointment
f,disappointment
f,disappointment
F,disappointment
F,disappointment
F,disappointment
F,disappointment
F,disappointment
F,disappointment
f,disappointment
f,disappointment
Rip,disappointment
f,disappointment
F,disappointment
f,disappointment
F,disappointment
f,disappointment
F,disappointment
f,disappointment
f,disappointment
f,disappointment
F,disappointment
f,disappointment
FeelsBadMan F,disappointment
ff,disappointment
astrovrSlain,neutral
f,disappointment
F,disappointment
WutFace,neutral
ResidentSleeper,disappointment
F,disappointment
f,disappointment
F,disappointment
F,disappointment
f,disappointment
lag,disappointment
F,disappointment
F,disappointment
f,disappointment
f,disappointment
f,disappointment
just F'ed,disappointment
f,disappointment
f,disappointment
F,disappointment
f,disappointment
F,disappointment
F,disappointment
f,disappointment
f,disappointment
F,disappointment
f,disappointment
f,disappointment
ffffffffffff,disappointment
F,disappointment
f,disappointment
f,disappointment
panicBasket,disappointment
fffffffffffff,disappointment
F,disappointment
panicBasket,disappointment
F,disappointment
F,disappointment
F,disappointment
f,disappointment
Z,neutral
nice gameplay,neutral
f,disappointment
F,disappointment
f,disappointment
F,disappointment
F,disappointment
f,disappointment
F,disappointment
panicBasket,neutral
F PEP,disappointment
oh geez...,disappointment
F,disappointment
game so bad it crashed.,disappointment
f,disappointment
F,disappointment
f,disappointment
F,disappointment
RIP,disappointment
f,disappointment
f,disappointment
f,disappointment
f,disappointment
wirseeBOSS wirseeELLO wirseeEXEC wirseeELLO wirseeBOSS wirseeEXEC,neutral
FFFFFFFFFFF,disappointment
F,disappointment
f,disappointment
YOU HAD ONE JOB TWITCH!!!,disappointment
F,disappointment
f f f f ugggg,disappointment
f,disappointment
F,disappointment
panicBasket,disappointment
f,disappointment
F,disappointment
-12 fps,neutral
FeelsGoodMan NEXT SLIDE,neutral
F,disappointment
damage stats and health bars are gay as hell,neutral
f,disappointment
f,disappointment
F DED,disappointment
big f,disappointment
fcneheJonah fcneheJonah fcneheJonah fcneheJonah fcneheIZIK fcneheIZIK fcneheIZIK fcneheIZIK fcneheIZIK fcneheIZIK fcneheBreken fcneheBreken fcneheBreken fcneheBreken fcneheBreken fcneheBreken fcneheBreken fcneheIZIK fcneheJonah fcneheIZIK fcneheBreken fcneheIZIK,neutral
f,disappointment
FFFFFFFFFF,disappointment
J,neutral
F,disappointment
F,disappointment
f,disappointment
NOOOOOOOOOOO,disappointment
f,disappointment
help! fin,neutral
answer's you can make them finish all the work and then it's just done or something,neutral
WutFace WutFace WutFace,neutral
F,disappointment
f,disappointment
F(rames are dropping),disappointment
f,disappointment
eip,neutral
f,disappointment
F,disappointment
F ResidentSleeper F ResidentSleeper F,disappointment
ResidentSleeper ResidentSleeper ResidentSleeper ResidentSleeper ResidentSleeper ResidentSleeper ResidentSleeper ResidentSleeper ResidentSleeper ResidentSleeper ResidentSleeper ResidentSleeper,disappointment
F,disappointment
F,disappointment
NICE ONE TWITCH,disappointment
f,disappointment
F,disappointment
panicBasket panicBasket panicBasket panicBasket panicBasket panicBasket panicBasket panicBasket,neutral
f,disappointment
F,disappointment
How easily you tear through these dirty stinkin nazis,neutral
F,disappointment
F,disappointment
KA LE,neutral
F,disappointment
when is cod,question
F,disappointment
LUL,funny
f,disappointment
f,disappointment
F,disappointment
F D:,disappointment
f,disappointment
F,disappointment
F,disappointment
f,disappointment
what f means?,disappointment
F,disappointment
F,disappointment
f,disappointment
F,disappointment
FFFF,disappointment
F,disappointment
FeelsGoodMan,neutral
F,disappointment
great job twitch,disappointment
F,disappointment
not using AMD F,neutral
f,disappointment
f,disappointment
f,disappointment
F,disappointment
F,disappointment
f,disappointment
MrDestructoid,neutral
f,disappointment
F,disappointment
f,disappointment
looooooooooool,funny
HULLO?! INTERWEBS?,neutral
big ol F,disappointment
F,disappointment
ffff,disappointment
atpRtsd2,neutral
F,disappointment
cause they're bad,neutral
saved Kappa,funny
Let the Jerk talk,neutral
F LUL,disappointment
F,disappointment
F,disappointment
F,disappointment
not a lot of FPS :/,neutral
game sucks so bad the stream messed up,neutral
H A C K E D,neutral
FFFFFFFFFFFFF,disappointment
FeelsGoodMan,neutral
g,neutral
well thats it folks. SHows over.,neutral
riPepperonis riPepperonis riPepperonis,neutral
oh damn,neutral
F,disappointment
what does F mean?,neutral
*knee slapper*,neutral
F,disappointment
amiloLul amiloLul,neutral
F,disappointment
Did stream die?,question
CYBERPUNK TAKE OVER,neutral
HAHAHAH HIS NAME IS JERK GUSTAFSSON,neutral
panicBasket panicBasket panicBasket panicBasket,neutral
FFFF,disappointment
f,disappointment
RIP,disappointment
nikkit1RainPooya nikkit1RainPooya nikkit1RainPooya nikkit1RainPooya nikkit1RainPooya,neutral
f,disappointment
FFFFFF,disappointment
bReH,disappointment
ripz,disappointment
F,disappointment
F,disappointment
fffff,disappointment
LUL Twitch Staff is pressing F as well. xD,funny
F,disappointment
Broken,neutral
F,disappointment
f,disappointment
rip,disappointment
f,disappointment
F it died,disappointment
F,disappointment
LUL,funny
raviolis,neutral
FFFFF,disappointment
f,disappointment
F,disappointment
hovaLag,neutral
panicBasket panicBasket panicBasket panicBasket panicBasket,neutral
chron14ELLO,neutral
WTF,disappointment
F,disappointment
FFF,disappointment
Twitch ARE YOU OK?,question
NA TTours,neutral
ffff,disappointment
sodUNSURE,neutral
laceRage,neutral
Someone tripped over a cable,neutral
FeelsGoodMan Clap,neutral
F,disappointment
The Nazis got to him,neutral
ff,disappointment
f,disappointment
fin fix it astrovrS,neutral
f,disappointment
F,disappointment
rip,neutral
TriHard TriHard TriHard,neutral
abcdeF,neutral
is this the new power point 2 :),neutral
F,disappointment
YOU HAD ONE JOB,neutral
f,neutral
MrDestructoid,neutral
fffffffffffffffffffffffffffffff,disappointment
ddgRIP ddgRIP ddgRIP,neutral
qho play with cables?,question
WutFace,neutral
Nursacoma ohnPanic,neutral
DansGame,neutral
"Anyone cringe when people make fun of something and says it's ""Cringey"" or ""Cringe""? Copy/Paste if you relate :)",neutral
yall are goobers,neutral
f,disappointment
NotLikeThis,neutral
G,neutral
FC,neutral
8424,neutral
FF,disappointment
f,disappointment
F,disappointment
F,disappointment
EMP'd,neutral
hahahahaha,funny
KeK,funny
lag,disappointment
gubCRY gubCRY,neutral
f,disappointment
f,disappointment
SourPls,disappointment
F,disappointment
HotPokket HotPokket RalpherZ RalpherZ Kippa Kippa FrankerZ FrankerZ,neutral
someone tripped over an ethernet,neutral
F,disappointment
itmejpGM,neutral
bruh moment,neutral
monkaS,neutral
F,disappointment
panicBasket panicBasket panicBasket,disappointment
HAHAHAH HIS NAME JERK GUSTAFFSON LMFAOOOOOOOOOOOOO,neutral
f,disappointment
F,disappointment
ff,disappointment
F,disappointment
FFF,disappointment
This is using that intel processor,neutral
F,disappointment
keanu's hacking the stream! PogChamp,funny
chron14ELLO chron14ELLO chron14ELLO chron14ELLO chron14ELLO chron14ELLO,neutral
Damn it,neutral
Nintendo had minimal connection issues,neutral
f,disappointment
Twitch,neutral
LUL,funny
E3 going down NotLikeThis,neutral
ffffffffffffffff,disappointment
f,disappointment
ow,neutral
f,disappointment
twitch died on twitch,disappointment
It's dying.,disappointment
cute slideshow,neutral
skyhSPOODER skyhSPOODER skyhSPOODER skyhSPOODER skyhSPOODER skyhSPOODER skyhSPOODER skyhSPOODER skyhSPOODER skyhSPOODER skyhSPOODER skyhSPOODER skyhSPOODER skyhSPOODER skyhSPOODER skyhSPOODER skyhSPOODER skyhSPOODER,neutral
panicBasket,neutral
Twitch Fix yourslef!!!!,neutral
F,disappointment
f,disappointment
WORST E3 EVER,disappointment
fg,disappointment
f,disappointment
F,disappointment
ResidentSleeper F ResidentSleeper F ResidentSleeper F ResidentSleeper F ResidentSleeper F ResidentSleeper F,neutral
smdh,neutral
rip wolfenstein,neutral
live streaming,neutral
This is t90Fine,neutral
Ttours Ttours Ttours,neutral
so its not me nice lol,neutral
#FFFFFF,neutral
YISUSCRIST,neutral
Fire the tech guy,neutral
Is stream messing up for you guys?,question
FFFF,disappointment
F,disappointment
60K viewers is too much.... should I leave?,question
NICE SLIDESHOW Kappa,neutral
I WANT TO HEAR IT DAMN PLS,neutral
E3 Slideshow. COOL,neutral
Haha,funny
FFF,disappointment
good job,neutral
F,disappointment
F,disappointment
REFRESH CHAT,neutral
PunOko PunOko PunOko PunOko,neutral
F,disappointment
f,disappointment
F,disappointment
MrDestructoid MrDestructoid MrDestructoid,neutral
F,disappointment
F,disappointment
damn this FPS stop reminding me of my xbox days,neutral
EMP btw,neutral
FFFFFFFFFFFFFFF,disappointment
DID THEY TYPE SEMI COLON AGAIN,question
NotLikeThis,neutral
MrDestructoid MrDestructoid MrDestructoid MrDestructoid MrDestructoid,neutral
F,disappointment
Twitch the Janitor broke the internet line,neutral
Nazis hacked the stream,neutral
f,disappointment
leyNLT leyNLT leyNLT leyNLT leyNLT leyNLT,neutral
Clap,neutral
Fffffff,disappointment
elite2xD,neutral
ALT+F4,neutral
F,disappointment
f,disappointment
RIP,disappointment
lol rip wolfensteins time slot,disappointment
LAGGGGG,disappointment
Jebaited,neutral
REFRESH,neutral
i love E3 LUL,neutral
nymnHmm,neutral
wol f enstein,neutral
selam kizlar,neutral
forsenS,neutral
Hey,neutral
F,disappointment
That's a BIG OOF,neutral
MrDestructoid Clap,neutral
F,disappointment
F,disappointment
F\,disappointment
quote_if_F,disappointment
ResidentSleeper ResidentSleeper ResidentSleeper ResidentSleeper ResidentSleeper ResidentSleeper,neutral
F,disappointment
MrDestructoid MrDestructoid MrDestructoid,neutral
Bye now TriHard TriHard,neutral
parrot is dead,neutral
WutFace,disappointment
F,disappointment
F,disappointment
this is why you YOUTUBE,neutral
NEED 5G LUL,neutral
WutFace,neutral
natiPoop natiPoop natiPoop natiPoop natiPoop natiPoop natiPoop natiPoop natiPoop natiPoop natiPoop natiPoop natiPoop natiPoop natiPoop natiPoop natiPoop natiPoop,neutral
F,disappointment
tematoPout,neutral
twitch F,disappointment
f,disappointment
vkgiruB vkgiruB vkgiruB vkgiruB vkgiruB vkgiruB vkgiruB vkgiruB vkgiruB vkgiruB vkgiruB vkgiruB vkgiruB vkgiruB vkgiruB vkgiruB,neutral
maybe I should leave so that viewer count drops by a little LUL,neutral
cryDDOS,neutral
Advertising RUINED,neutral
Not like this!,disappointment
FeelsGoodMan FireSpeed,neutral
RIP RIP,disappointment
F,disappointment
ddgDead ddgDead ddgDead ddgDead ddgDead,neutral
Gg,disappointment
<3,neutral
The stream got fricked,neutral
the heck is going on,neutral
F,disappointment
F,disappointment
WutFace,disappointment
R I P,disappointment
fffff,disappointment
MrDestructoid MrDestructoid MrDestructoid MrDestructoid MrDestructoid MrDestructoid,disappointment
F,disappointment
F,disappointment
wtf panicBasket,disappointment
F,disappointment
F,disappointment
WutFace WutFace WutFace,disappointment
F,disappointment
MrDestructoid MrDestructoid MrDestructoid,neutral
TTours TTours TTours TTours,neutral
F,disappointment
oqajkwenfkqahbgf,neutral
F in chat please,disappointment
F,disappointment
format c:,neutral
F,disappointment
Can't wait to stream games instead of owning a console/pc.,neutral
F,disappointment
turko,neutral
monkaS,neutral
FFFFFFFFFFFFFFFFFFFFFFFFFF,disappointment
F,disappointment
g,neutral
Bring back multiplayer,neutral
oh twitch,neutral
annytfKnuckles,neutral
Have you tried turning the stream off and back on again?,question
Now WATCH THIS,neutral
f,disappointment
LMAO,funny
F,disappointment
F,disappointment
So bed we cant watch,neutral
R),neutral
bb twitch,neutral
WARP 3,neutral
f,disappointment
Wolfenstein killed the streaming,neutral
someone hit the vsync,neutral
WTF,disappointment
f,disappointment
WutFace,disappointment
monkaS,funny
panicBasket,neutral
FFFFFFFFF ALT + F4,neutral
i,neutral
good lord,neutral
BrokeBack BrokeBack BrokeBack BrokeBack BrokeBack BrokeBack BrokeBack BrokeBack BrokeBack,neutral
F,disappointment
NA internet,neutral
MrDestructoid MrDestructoid MrDestructoid,neutral
scat rap master,neutral
MrDestructoid MrDestructoid MrDestructoid MrDestructoid MrDestructoid,neutral
LUL,funny
WutFace,disappointment
Uh...,neutral
Big F,funny
LUL,funny
US under cyber attack?,neutral
MrDestructoid You thought you wouldn't feel my wrath MrDestructoid,neutral
f,funny
dat speed,neutral
LUL,funny
RIP,disappointment
panicBasket panicBasket panicBasket,funny
KappaHD,funny
F,disappointment
SUPER SPEED,neutral
f as in frank,disappointment
F,disappointment
LOL,funny
MrDestructoid MrDestructoid MrDestructoid MrDestructoid MrDestructoid MrDestructoid,neutral
Its Happening,neutral
f,disappointment
FFFFFFFFF,disappointment
what the,disappointment
nice gameplay Kappa,neutral
LMAO!!!,funny
WTF,disappointment
vkgiruB vkgiruB vkgiruB vkgiruB vkgiruB vkgiruB vkgiruB vkgiruB vkgiruB vkgiruB vkgiruB vkgiruB vkgiruB vkgiruB vkgiruB vkgiruB vkgiruB vkgiruB vkgiruB vkgiruB vkgiruB vkgiruB vkgiruB,neutral
WTF,disappointment
PRE RECORDED,neutral
WutFace,neutral
F,disappointment
lol,funny
lol,funny
lol,funny
lol,funny
lol,funny
lol,funny
lol,funny
lol,funny
lol,funny
lol,funny
lol,funny
lol,funny
lol,funny
lol,funny
lol,funny
lol,funny
lol,funny
lol,funny
lol,funny
lol,funny
lol,funny
lol,funny
lol,funny
lol,funny
lol,funny
lol,funny
lol,funny
lol,funny
lol,funny
lol,funny
lol,funny
lol,funny
lol,funny
lol,funny
lol,funny
lol,funny
lol,funny
lol,funny
lol,funny
lol,funny
lol,funny
lol,funny
lol,funny
lol,funny
lol,funny
lol,funny
lol,funny
lol,funny
lol,funny
lol,funny
lol,funny
lol,funny
lol,funny
lol,funny
lol,funny
lol,funny
lol,funny
lol,funny
lol,funny
lol,funny
lol,funny
lol,funny
lol,funny
lol,funny
lol,funny
lol,funny
lol,funny
lol,funny
lol,funny
lol,funny
lol,funny
lol,funny
lol,funny
lol,funny
lol,funny
lol,funny
lol,funny
lol,funny
lol,funny
lol,funny
lol,funny
lol,funny
lol,funny
lol,funny
lol,funny
lol,funny
lol,funny
lol,funny
lol,funny
lol,funny
lol,funny
lol,funny
lol,funny
lol,funny
lol,funny
lol,funny
lol,funny
lol,funny
lol,funny
lol,funny
lol,funny
lol,funny
lol,funny
lol,funny
lol,funny
lol,funny
lol,funny
lol,funny
lol,funny
lol,funny
lol,funny
lol,funny
lol,funny
lol,funny
lol,funny
lol,funny
lol,funny
lol,funny
lol,funny
lol,funny
lol,funny
lol,funny
lol,funny
lol,funny
lol,funny
lol,funny
lol,funny
lol,funny
lol,funny
lol,funny
lol,funny
lol,funny
lol,funny
lol,funny
lol,funny
lol,funny
lol,funny
lol,funny
lol,funny
lol,funny
lol,funny
lol,funny
lol,funny
lol,funny
lol,funny
lol,funny
lol,funny
lol,funny
lol,funny
lol,funny
lol,funny
lol,funny
lol,funny
lol,funny
lol,funny
lol,funny
lol,funny
lol,funny
lol,funny
lol,funny
lol,funny
lol,funny
lol,funny
lol,funny
lol,funny
lol,funny
lol,funny
lol,funny
lol,funny
lol,funny
lol,funny
lol,funny
lol,funny
lol,funny
lol,funny
lol,funny
lol,funny
lol,funny
lol,funny
lol,funny
lol,funny
lol,funny
lol,funny
lol,funny
lol,funny
lol,funny
lol,funny
lol,funny
lol,funny
lol,funny
lol,funny
lol,funny
lol,funny
lol,funny
lol,funny
lol,funny
lol,funny
lol,funny
lol,funny
lol,funny
lol,funny
lol,funny
lol,funny
lol,funny
lol,funny
lol,funny
lol,funny
lol,funny
lol,funny
lol,funny
lol,funny
lol,funny
lol,funny
lol,funny
lol,funny
lol,funny
lol,funny
lol,funny
lol,funny
lol,funny
lol,funny
lol,funny
lol,funny
lol,funny
lol,funny
lol,funny
lol,funny
lol,funny
lol,funny
lol,funny
lol,funny
lol,funny
lol,funny
lol,funny
lol,funny
lol,funny
lol,funny
lol,funny
lol,funny
lol,funny
lol,funny
lol,funny
lol,funny
lol,funny
lol,funny
lol,funny
lol,funny
lol,funny
lol,funny
lol,funny
lol,funny
lol,funny
lol,funny
lol,funny
lol,funny
lol,funny
lol,funny
lol,funny
lol,funny
lol,funny
lol,funny
lol,funny
lol,funny
lol,funny
lol,funny
lol,funny
lol,funny
lol,funny
lol,funny
lol,funny
lol,funny
lol,funny
lol,funny
lol,funny
lol,funny
lol,funny
lol,funny
lol,funny
lol,funny
lol,funny
lol,funny
lol,funny
lol,funny
lol,funny
lol,funny
lol,funny
lol,funny
lol,funny
lol,funny
lol,funny
lol,funny
lol,funny
lol,funny
lol,funny
lol,funny
lol,funny
lol,funny
lol,funny
lol,funny
lol,funny
lol,funny
lol,funny
lol,funny
lol,funny
lol,funny
lol,funny
lol,funny
lol,funny
lol,funny
lol,funny
lol,funny
lol,funny
lol,funny
lol,funny
lol,funny
lol,funny
lol,funny
lol,funny
lol,funny
lol,funny
lol,funny
lol,funny
lol,funny
lol,funny
lol,funny
lol,funny
lol,funny
lol,funny
lol,funny
lol,funny
lol,funny
lol,funny
lol,funny
lol,funny
lol,funny
lol,funny
lol,funny
lol,funny
lol,funny
lol,funny
lol,funny
lol,funny
lol,funny
lol,funny
lol,funny
lol,funny
lol,funny
lol,funny
lol,funny
lol,funny
lol,funny
lol,funny
lol,funny
lol,funny
lol,funny
lol,funny
lol,funny
lol,funny
lol,funny
lol,funny
lol,funny
lul,funny
lul,funny
lul,funny
lul,funny
lul,funny
lul,funny
lul,funny
lul,funny
lul,funny
lul,funny
lul,funny
lul,funny
lul,funny
lul,funny
lul,funny
lul,funny
lul,funny
lul,funny
lul,funny
lul,funny
lul,funny
lul,funny
lul,funny
lul,funny
lul,funny
lul,funny
lul,funny
lul,funny
lul,funny
lul,funny
lul,funny
lul,funny
lul,funny
lul,funny
lul,funny
lul,funny
lul,funny
lul,funny
lul,funny
lul,funny
lul,funny
lul,funny
lul,funny
lul,funny
lul,funny
lul,funny
lul,funny
lul,funny
lul,funny
lul,funny
lul,funny
lul,funny
lul,funny
lul,funny
lul,funny
lul,funny
lul,funny
lul,funny
lul,funny
lul,funny
lul,funny
lul,funny
lul,funny
lul,funny
lul,funny
lul,funny
lul,funny
lul,funny
lul,funny
lul,funny
lul,funny
lul,funny
lul,funny
lul,funny
lul,funny
lul,funny
lul,funny
lul,funny
lul,funny
lul,funny
lul,funny
lul,funny
lul,funny
lul,funny
lul,funny
lul,funny
lul,funny
lul,funny
lul,funny
lul,funny
lul,funny
lul,funny
lul,funny
lul,funny
lul,funny
lul,funny
lul,funny
lul,funny
lul,funny
lul,funny
lul,funny
lul,funny
lul,funny
lul,funny
lul,funny
lul,funny
lul,funny
lul,funny
lul,funny
lul,funny
lul,funny
lul,funny
lul,funny
lul,funny
lul,funny
lul,funny
lul,funny
lul,funny
lul,funny
lul,funny
lul,funny
lul,funny
lul,funny
lul,funny
lul,funny
lul,funny
lul,funny
lul,funny
lul,funny
lul,funny
lul,funny
lul,funny
lul,funny
lul,funny
lul,funny
lul,funny
lul,funny
lul,funny
lul,funny
lul,funny
lul,funny
lul,funny
lul,funny
lul,funny
lul,funny
lul,funny
lul,funny
lul,funny
lul,funny
lul,funny
lul,funny
lul,funny
lul,funny
lul,funny
lul,funny
lul,funny
lul,funny
lul,funny
lul,funny
lul,funny
lul,funny
lul,funny
lul,funny
lul,funny
lul,funny
lul,funny
lul,funny
lul,funny
lul,funny
